,business,zip code,address,gas1 currency,gas1 type,gas1 price,gas1 pricetag,gas1 unit,gas1 updated,gas2 currency,gas2 type,gas2 price,gas2 pricetag,gas2 unit,gas2 updated,gas3 currency,gas3 type,gas3 price,gas3 pricetag,gas3 unit,gas3 updated
0,Shell,92101,"1011 A St, San Diego, CA 92101",USD,Regular,7.0,$7.00,gallon,2023-10-03T09:20:18.000Z,USD,Midgrade,7.11,$7.11,gallon,2023-10-02T19:38:42.000Z,USD,Premium,7.2,$7.20,gallon,2023-10-02T13:26:42.000Z
1,Shell,92123,"2777 Health Center Dr, San Diego, CA 92123",USD,Regular,7.0,$7.00,gallon,2023-10-02T15:59:32.000Z,USD,Midgrade,7.2,$7.20,gallon,2023-10-02T19:28:22.000Z,USD,Premium,7.3,$7.30,gallon,2023-10-02T19:28:22.000Z
2,Texas Street Valero,92116,"4616 Texas St, San Diego, CA 92116",USD,Regular,6.4,$6.40,gallon,2023-10-03T05:53:19.000Z,USD,Midgrade,6.6,$6.60,gallon,2023-10-03T05:53:19.000Z,USD,Premium,6.8,$6.80,gallon,2023-10-03T05:53:19.000Z
3,Chevron,92117,"7070 Clairemont Mesa Blvd, San Diego, CA 92117",USD,Regular,6.3,$6.30,gallon,2023-10-03T09:15:59.000Z,USD,Midgrade,6.5,$6.50,gallon,2023-10-03T09:15:59.000Z,USD,Premium,6.6,$6.60,gallon,2023-10-03T09:15:59.000Z
4,Laurel Pacific Gas (Valero),92101,"2499 Pacific Hwy, San Diego, CA 92101",USD,Regular,6.8,$6.80,gallon,2023-10-03T09:17:23.000Z,USD,Midgrade,6.9,$6.90,gallon,2023-10-02T05:37:50.000Z,USD,Premium,7.0,$7.00,gallon,2023-10-02T10:00:45.000Z
5,ARCO,92111,"6130 Balboa Ave, San Diego, CA 92111",USD,Regular,6.6,$6.60,gallon,2023-10-03T07:48:27.000Z,USD,Midgrade,6.8,$6.80,gallon,2023-10-03T07:42:12.000Z,USD,Premium,7.0,$7.00,gallon,2023-10-03T07:42:12.000Z
6,Shell,92110,"3425 Midway Dr, San Diego, CA 92110",USD,Regular,6.31,$6.31,gallon,2023-10-03T07:58:25.000Z,USD,Midgrade,6.5,$6.50,gallon,2023-10-03T02:07:49.000Z,USD,Premium,6.6,$6.60,gallon,2023-10-03T07:56:25.000Z
7,Speedway,92104,"3255 University Ave, San Diego, CA 92104",USD,Regular,6.3,$6.30,gallon,2023-10-03T05:28:07.000Z,USD,Midgrade,6.5,$6.50,gallon,2023-10-02T06:15:00.000Z,USD,Premium,6.6,$6.60,gallon,2023-10-02T06:15:00.000Z
8,Shell,92119,"7448 Jackson Dr, San Diego, CA 92119",USD,Regular,6.7,$6.70,gallon,2023-10-02T13:32:50.000Z,USD,Midgrade,6.8,$6.80,gallon,2023-10-01T05:02:45.000Z,USD,Premium,7.0,$7.00,gallon,2023-10-02T14:33:39.000Z
11,Chevron,92115,"5040 El Cajon Blvd, San Diego, CA 92115",USD,Regular,6.6,$6.60,gallon,2023-10-02T08:52:30.000Z,USD,Midgrade,6.8,$6.80,gallon,2023-09-29T13:55:44.000Z,USD,Premium,7.0,$7.00,gallon,2023-10-01T06:32:59.000Z
13,Speedway,92117,"4202 Clairemont Mesa Blvd, San Diego, CA 92117",USD,Regular,6.0,$6.00,gallon,2023-10-03T07:38:32.000Z,USD,Midgrade,6.2,$6.20,gallon,2023-10-02T16:58:45.000Z,USD,Premium,6.3,$6.30,gallon,2023-10-02T16:58:45.000Z
16,Chevron,92120,"6404 Mission Gorge Rd, San Diego, CA 92120",USD,Regular,6.3,$6.30,gallon,2023-10-03T09:11:04.000Z,USD,Midgrade,6.76,$6.76,gallon,2023-10-02T07:56:54.000Z,USD,Premium,6.92,$6.92,gallon,2023-10-02T11:19:58.000Z
17,Shell,92110,"2290 Moore St, San Diego, CA 92110",USD,Regular,6.7,$6.70,gallon,2023-10-03T08:57:31.000Z,USD,Midgrade,7.0,$7.00,gallon,2023-09-30T11:47:24.000Z,USD,Premium,6.9,$6.90,gallon,2023-10-02T12:29:07.000Z
19,Mobil,92103,"1809 W Washington St, San Diego, CA 92103",USD,Regular,6.4,$6.40,gallon,2023-10-03T08:54:37.000Z,USD,Midgrade,6.8,$6.80,gallon,2023-10-02T05:15:28.000Z,USD,Premium,6.8,$6.80,gallon,2023-10-02T05:15:28.000Z
20,Exxon,92126,"9790 Miramar Rd, San Diego, CA 92126",USD,Regular,6.4,$6.40,gallon,2023-10-02T21:05:27.000Z,USD,Midgrade,6.6,$6.60,gallon,2023-10-02T15:25:05.000Z,USD,Premium,6.69,$6.69,gallon,2023-10-02T17:48:24.000Z
21,Chevron,92101,"1666 First Ave., San Diego, CA 92101",USD,Regular,6.7,$6.70,gallon,2023-10-03T09:18:06.000Z,USD,Midgrade,6.9,$6.90,gallon,2023-10-03T09:15:59.000Z,USD,Premium,7.0,$7.00,gallon,2023-10-03T09:15:59.000Z
22,Chevron Extra Mile,92115,"6385 University Ave, San Diego, CA 92115",USD,Regular,6.5,$6.50,gallon,2023-10-02T14:54:45.000Z,USD,Midgrade,6.9,$6.90,gallon,2023-09-28T13:28:40.000Z,USD,Premium,6.8,$6.80,gallon,2023-10-02T13:12:48.000Z
23,Chevron,92104,"3602 El Cajon Blvd, San Diego, CA 92104",USD,Regular,6.29,$6.29,gallon,2023-10-02T15:09:07.000Z,USD,Midgrade,6.59,$6.59,gallon,2023-10-02T15:00:42.000Z,USD,Premium,6.69,$6.69,gallon,2023-10-02T08:39:09.000Z
24,Shell,92117,"2606 Clairemont Dr, San Diego, CA 92117",USD,Regular,6.7,$6.70,gallon,2023-10-03T07:10:10.000Z,USD,Midgrade,6.9,$6.90,gallon,2023-10-03T03:05:58.000Z,USD,Premium,7.0,$7.00,gallon,2023-10-03T03:05:58.000Z
26,Chevron,92105,"4055 University Ave, San Diego, CA 92105",USD,Regular,6.6,$6.60,gallon,2023-10-02T17:56:17.000Z,USD,Midgrade,6.8,$6.80,gallon,2023-10-02T17:56:17.000Z,USD,Premium,6.98,$6.98,gallon,2023-10-02T17:56:17.000Z
27,Hazard Center Auto Mart,92108,"7698 Friars Rd, San Diego, CA 92108",USD,Regular,6.0,$6.00,gallon,2023-10-03T09:20:13.000Z,USD,Midgrade,6.39,$6.39,gallon,2023-10-02T20:50:29.000Z,USD,Premium,6.39,$6.39,gallon,2023-10-02T13:35:51.000Z
28,Shell,92126,"8920 Miramar Rd, San Diego, CA 92126",USD,Regular,6.41,$6.41,gallon,2023-10-03T09:11:07.000Z,USD,Midgrade,6.6,$6.60,gallon,2023-10-03T06:16:01.000Z,USD,Premium,6.7,$6.70,gallon,2023-10-03T09:16:25.000Z
29,Chevron,92104,"3359 University Ave, San Diego, CA 92104",USD,Regular,6.4,$6.40,gallon,2023-10-02T18:35:54.000Z,USD,Midgrade,6.7,$6.70,gallon,2023-10-02T06:24:03.000Z,USD,Premium,6.88,$6.88,gallon,2023-10-02T06:24:03.000Z
30,Shell,92126,"9490 Mira Mesa Blvd, San Diego, CA 92126",USD,Regular,6.39,$6.39,gallon,2023-10-03T08:57:34.000Z,USD,Midgrade,6.59,$6.59,gallon,2023-10-03T06:34:45.000Z,USD,Premium,6.69,$6.69,gallon,2023-10-03T06:08:45.000Z
31,Shell,92108,"5465 Mission Center Rd, San Diego, CA 92108",USD,Regular,6.81,$6.81,gallon,2023-10-03T08:25:54.000Z,USD,Midgrade,6.9,$6.90,gallon,2023-10-03T05:38:14.000Z,USD,Premium,7.03,$7.03,gallon,2023-10-03T06:29:38.000Z
33,76,92115,"4415 El Cajon Blvd, San Diego, CA 92115",USD,Regular,6.2,$6.20,gallon,2023-10-03T06:26:47.000Z,USD,Midgrade,6.4,$6.40,gallon,2023-10-02T23:40:02.000Z,USD,Premium,6.5,$6.50,gallon,2023-10-02T23:40:02.000Z
34,Chevron,92104,"2405 University Ave, San Diego, CA 92104",USD,Regular,6.49,$6.49,gallon,2023-10-03T08:25:29.000Z,USD,Midgrade,6.7,$6.70,gallon,2023-10-02T05:08:00.000Z,USD,Premium,6.9,$6.90,gallon,2023-10-02T05:08:00.000Z
36,76,92102,"3010 Market St, San Diego, CA 92102",USD,Regular,6.3,$6.30,gallon,2023-10-02T18:49:09.000Z,USD,Midgrade,6.5,$6.50,gallon,2023-10-02T06:15:57.000Z,USD,Premium,6.65,$6.65,gallon,2023-09-29T14:18:25.000Z
37,ARCO,92110,"2940 Lytton St, San Diego, CA 92110",USD,Regular,6.2,$6.20,gallon,2023-10-03T06:04:40.000Z,USD,Midgrade,6.4,$6.40,gallon,2023-10-02T05:55:00.000Z,USD,Premium,6.6,$6.60,gallon,2023-09-30T16:04:41.000Z
38,Chevron Extra Mile - G&M,92111,"8110 Balboa Ave, San Diego, CA 92111",USD,Regular,6.2,$6.20,gallon,2023-10-03T09:17:21.000Z,USD,Midgrade,6.5,$6.50,gallon,2023-10-03T09:15:59.000Z,USD,Premium,6.5,$6.50,gallon,2023-10-03T09:16:48.000Z
39,Chevron,92121,"8210 Camino Santa Fe, San Diego, CA 92121",USD,Regular,6.4,$6.40,gallon,2023-10-02T14:05:00.000Z,USD,Midgrade,6.6,$6.60,gallon,2023-10-02T14:05:00.000Z,USD,Premium,6.8,$6.80,gallon,2023-10-02T14:05:00.000Z
40,Vons Fuel Station,92109,"1680 Garnet Ave, San Diego, CA 92109",USD,Regular,5.9,$5.90,gallon,2023-10-03T04:48:48.000Z,USD,Midgrade,6.32,$6.32,gallon,2023-10-02T14:49:32.000Z,USD,Premium,6.54,$6.54,gallon,2023-10-02T14:49:32.000Z
41,Shell,92106,"1551 Rosecrans St, San Diego, CA 92106",USD,Regular,6.2,$6.20,gallon,2023-10-03T08:11:01.000Z,USD,Midgrade,6.46,$6.46,gallon,2023-10-03T04:33:26.000Z,USD,Premium,6.72,$6.72,gallon,2023-10-02T06:06:00.000Z
42,Shell,92102,"2484 F St, San Diego, CA 92102",USD,Regular,6.5,$6.50,gallon,2023-10-03T07:24:45.000Z,USD,Midgrade,6.7,$6.70,gallon,2023-10-02T12:37:44.000Z,USD,Premium,6.8,$6.80,gallon,2023-10-03T05:08:05.000Z
43,Shell,92103,"330 Washington St, San Diego, CA 92103",USD,Regular,6.8,$6.80,gallon,2023-10-02T14:07:38.000Z,USD,Midgrade,7.0,$7.00,gallon,2023-10-02T13:28:42.000Z,USD,Premium,7.4,$7.40,gallon,2023-09-30T13:59:17.000Z
44,Ultra Gas,92104,"3276 El Cajon Blvd, San Diego, CA 92104",USD,Regular,6.06,$6.06,gallon,2023-09-30T01:22:23.000Z,USD,Midgrade,6.2,$6.20,gallon,2023-09-26T12:35:25.000Z,USD,Premium,6.46,$6.46,gallon,2023-09-28T09:35:43.000Z
45,Mobil,92105,"4067 El Cajon Blvd, San Diego, CA 92105",USD,Regular,6.1,$6.10,gallon,2023-10-03T07:20:37.000Z,USD,Midgrade,6.36,$6.36,gallon,2023-10-02T05:33:16.000Z,USD,Premium,6.8,$6.80,gallon,2023-10-02T10:24:43.000Z
46,Tierrasanta Gas Station,92124,"10585 Tierrasanta Blvd Suite B, San Diego, CA 92124",USD,Regular,6.0,$6.00,gallon,2023-10-02T13:40:17.000Z,USD,Midgrade,6.2,$6.20,gallon,2023-10-02T13:05:00.000Z,USD,Premium,6.4,$6.40,gallon,2023-10-02T13:12:56.000Z
47,ARCO,92105,"4357 El Cajon Blvd, San Diego, CA 92105",USD,Regular,6.2,$6.20,gallon,2023-10-01T05:00:10.000Z,USD,Midgrade,6.1,$6.10,gallon,2023-09-26T01:23:50.000Z,USD,Premium,6.3,$6.30,gallon,2023-09-26T01:23:50.000Z
48,ARCO,92104,"3296 El Cajon Blvd, San Diego, CA 92104",USD,Regular,6.5,$6.50,gallon,2023-10-02T13:38:28.000Z,USD,Midgrade,6.6,$6.60,gallon,2023-10-01T16:06:42.000Z,USD,Premium,6.8,$6.80,gallon,2023-10-01T16:06:42.000Z
49,Fast Fuel Car Care Center,92117,"4505 Clairemont Mesa Blvd, San Diego, CA 92117",USD,Regular,5.88,$5.88,gallon,2023-10-03T08:26:12.000Z,USD,Midgrade,5.98,$5.98,gallon,2023-10-03T08:26:12.000Z,USD,Premium,6.08,$6.08,gallon,2023-10-03T08:26:12.000Z
50,ARCO,92105,"4333 Home Ave, San Diego, CA 92105",USD,Regular,6.3,$6.30,gallon,2023-10-03T05:16:48.000Z,USD,Midgrade,6.4,$6.40,gallon,2023-09-29T05:04:39.000Z,USD,Premium,6.7,$6.70,gallon,2023-10-02T05:53:04.000Z
51,ARCO,92105,"1817 Euclid Ave, San Diego, CA 92105",USD,Regular,6.1,$6.10,gallon,2023-10-02T12:51:58.000Z,USD,Midgrade,6.3,$6.30,gallon,2023-09-28T19:25:33.000Z,USD,Premium,6.5,$6.50,gallon,2023-09-28T19:25:33.000Z
53,Chevron,92120,"6301 Del Cerro Blvd, San Diego, CA 92120",USD,Regular,6.6,$6.60,gallon,2023-10-03T08:46:28.000Z,USD,Midgrade,6.8,$6.80,gallon,2023-10-02T12:24:12.000Z,USD,Premium,6.7,$6.70,gallon,2023-10-02T20:35:40.000Z
54,Shell,92105,"4405 Home Ave, San Diego, CA 92105",USD,Regular,6.4,$6.40,gallon,2023-10-03T08:35:15.000Z,USD,Midgrade,6.65,$6.65,gallon,2023-10-02T16:19:34.000Z,USD,Premium,6.85,$6.85,gallon,2023-10-03T09:04:58.000Z
56,76,92104,"3252 University Ave, San Diego, CA 92104",USD,Regular,6.35,$6.35,gallon,2023-10-02T14:21:16.000Z,USD,Midgrade,6.55,$6.55,gallon,2023-09-29T09:23:52.000Z,USD,Premium,6.7,$6.70,gallon,2023-09-29T18:07:36.000Z
57,Valero,92110,"1083 Morena Blvd, San Diego, CA 92110",USD,Regular,6.3,$6.30,gallon,2023-09-29T20:16:21.000Z,USD,Midgrade,6.55,$6.55,gallon,2023-10-02T17:02:36.000Z,USD,Premium,6.75,$6.75,gallon,2023-10-02T13:05:00.000Z
58,Mobil,92111,"8380 Clairemont Mesa Blvd, San Diego, CA 92111",USD,Regular,6.48,$6.48,gallon,2023-10-03T09:07:20.000Z,USD,Midgrade,6.7,$6.70,gallon,2023-10-02T13:56:10.000Z,USD,Premium,6.9,$6.90,gallon,2023-10-02T10:56:17.000Z
59,Shell,92110,"1330 Morena Blvd, San Diego, CA 92110",USD,Regular,6.3,$6.30,gallon,2023-10-03T09:09:20.000Z,USD,Midgrade,6.5,$6.50,gallon,2023-10-03T08:22:32.000Z,USD,Premium,6.6,$6.60,gallon,2023-10-03T08:50:35.000Z
60,J & R Gas and Mini Mart,92113,"505 S 30th St, San Diego, CA 92113",USD,Regular,6.0,$6.00,gallon,2023-10-03T06:25:07.000Z,USD,Midgrade,6.2,$6.20,gallon,2023-10-03T04:07:56.000Z,USD,Premium,6.3,$6.30,gallon,2023-10-03T04:07:56.000Z
61,United,92113,"235 S 47th St, San Diego, CA 92113",USD,Regular,5.9,$5.90,gallon,2023-10-02T12:01:09.000Z,USD,Midgrade,6.2,$6.20,gallon,2023-10-01T10:06:31.000Z,USD,Premium,6.4,$6.40,gallon,2023-10-01T10:06:31.000Z
63,Chevron,92122,"8505 Costa Verde Blvd, San Diego, CA 92122",USD,Regular,6.46,$6.46,gallon,2023-10-03T09:18:31.000Z,USD,Midgrade,6.65,$6.65,gallon,2023-10-03T06:43:57.000Z,USD,Premium,6.84,$6.84,gallon,2023-10-03T08:11:33.000Z
64,ARCO,92123,"3770 Murphy Canyon Rd, San Diego, CA 92123",USD,Regular,6.6,$6.60,gallon,2023-10-02T15:52:53.000Z,USD,Midgrade,6.8,$6.80,gallon,2023-09-29T14:46:36.000Z,USD,Premium,7.0,$7.00,gallon,2023-10-02T14:13:00.000Z
65,Valero,92123,"3377 Sandrock Rd, San Diego, CA 92123",USD,Regular,6.2,$6.20,gallon,2023-10-03T06:01:44.000Z,USD,Midgrade,6.3,$6.30,gallon,2023-10-03T06:01:44.000Z,USD,Premium,6.5,$6.50,gallon,2023-10-03T06:01:44.000Z
67,ARCO,92104,"2340 El Cajon Blvd, San Diego, CA 92104",USD,Regular,6.5,$6.50,gallon,2023-10-03T03:03:59.000Z,USD,Midgrade,6.6,$6.60,gallon,2023-09-28T09:23:17.000Z,USD,Premium,6.9,$6.90,gallon,2023-10-02T01:29:51.000Z
68,76,92104,"3154 El Cajon Blvd, San Diego, CA 92104",USD,Regular,6.4,$6.40,gallon,2023-10-02T15:09:32.000Z,USD,Midgrade,6.6,$6.60,gallon,2023-10-01T17:16:41.000Z,USD,Premium,6.8,$6.80,gallon,2023-10-01T12:23:37.000Z
70,Petromerica,92101,"1548 F St, San Diego, CA 92101",USD,Regular,6.1,$6.10,gallon,2023-10-02T21:22:39.000Z,USD,Midgrade,6.3,$6.30,gallon,2023-10-02T14:29:04.000Z,USD,Premium,6.4,$6.40,gallon,2023-10-02T14:29:04.000Z
71,Chevron,92111,"6949 Linda Vista Rd, San Diego, CA 92111",USD,Regular,6.3,$6.30,gallon,2023-10-03T09:15:59.000Z,USD,Midgrade,6.5,$6.50,gallon,2023-10-03T09:15:59.000Z,USD,Premium,6.6,$6.60,gallon,2023-10-03T09:15:59.000Z
72,ARCO,92101,"1619 G St, San Diego, CA 92101",USD,Regular,6.8,$6.80,gallon,2023-10-02T15:37:31.000Z,USD,Midgrade,7.0,$7.00,gallon,2023-10-02T14:30:10.000Z,USD,Premium,7.1,$7.10,gallon,2023-10-02T14:30:10.000Z
73,Shell,92116,"3150 Adams Ave, San Diego, CA 92116",USD,Regular,6.4,$6.40,gallon,2023-10-02T23:41:04.000Z,USD,Midgrade,6.65,$6.65,gallon,2023-10-01T12:56:18.000Z,USD,Premium,6.85,$6.85,gallon,2023-10-02T23:41:04.000Z
74,Chevron San Diego,92103,"4180 Park Blvd, San Diego, CA 92103",USD,Regular,6.4,$6.40,gallon,2023-10-03T04:35:14.000Z,USD,Midgrade,6.6,$6.60,gallon,2023-10-02T14:06:00.000Z,USD,Premium,6.8,$6.80,gallon,2023-10-02T14:06:00.000Z
76,ARCO,92110,"3860 Old Town Ave, San Diego, CA 92110",USD,Regular,6.2,$6.20,gallon,2023-10-02T10:09:00.000Z,USD,Midgrade,6.4,$6.40,gallon,2023-10-01T14:03:59.000Z,USD,Premium,6.5,$6.50,gallon,2023-10-01T14:03:59.000Z
77,Speedway,92109,"833 Turquoise St, San Diego, CA 92109",USD,Regular,6.19,$6.19,gallon,2023-10-03T08:23:04.000Z,USD,Midgrade,6.4,$6.40,gallon,2023-10-02T14:52:22.000Z,USD,Premium,6.5,$6.50,gallon,2023-10-02T14:52:22.000Z
78,Chevron,92109,"1575 Garnet Ave, San Diego, CA 92109",USD,Regular,5.9,$5.90,gallon,2023-10-03T08:05:03.000Z,USD,Midgrade,6.4,$6.40,gallon,2023-10-02T14:51:14.000Z,USD,Premium,6.3,$6.30,gallon,2023-10-03T08:55:10.000Z
79,Chevron,92103,"1832 W Washington St, San Diego, CA 92103",USD,Regular,6.3,$6.30,gallon,2023-10-03T09:15:59.000Z,USD,Midgrade,6.5,$6.50,gallon,2023-10-03T09:51:14.000Z,USD,Premium,6.6,$6.60,gallon,2023-10-03T09:51:14.000Z
80,Shell,92110,"3711 Camino del Rio W, San Diego, CA 92110",USD,Regular,6.36,$6.36,gallon,2023-10-03T09:07:51.000Z,USD,Midgrade,6.78,$6.78,gallon,2023-10-03T06:27:23.000Z,USD,Premium,6.98,$6.98,gallon,2023-10-03T07:25:46.000Z
81,Bay Park Fuel,92110,"1550 Morena Blvd, San Diego, CA 92110",USD,Regular,6.08,$6.08,gallon,2023-10-03T11:48:00.000Z,USD,Midgrade,6.28,$6.28,gallon,2023-10-03T08:23:57.000Z,USD,Premium,6.48,$6.48,gallon,2023-10-02T14:51:43.000Z
82,76,92107,"2305 Sunset Cliffs Blvd, San Diego, CA 92107",USD,Regular,6.25,$6.25,gallon,2023-10-03T08:25:48.000Z,USD,Midgrade,6.45,$6.45,gallon,2023-10-03T08:25:48.000Z,USD,Premium,6.6,$6.60,gallon,2023-10-03T08:25:48.000Z
83,Shell,92122,"3901 Governor Dr, San Diego, CA 92122",USD,Regular,6.3,$6.30,gallon,2023-10-03T08:28:07.000Z,USD,Midgrade,6.5,$6.50,gallon,2023-10-03T08:28:07.000Z,USD,Premium,6.66,$6.66,gallon,2023-10-03T08:28:07.000Z
85,Chevron,92113,"3502 National Ave, San Diego, CA 92113",USD,Regular,6.7,$6.70,gallon,2023-10-03T09:18:44.000Z,USD,Midgrade,6.9,$6.90,gallon,2023-10-03T09:18:44.000Z,USD,Premium,7.0,$7.00,gallon,2023-10-03T09:18:44.000Z
86,Good Point Gasoline,92106,"1076 Rosecrans St, San Diego, CA 92106",USD,Regular,6.24,$6.24,gallon,2023-10-02T16:53:30.000Z,USD,Midgrade,6.5,$6.50,gallon,2023-09-30T14:11:28.000Z,USD,Premium,6.72,$6.72,gallon,2023-09-27T22:00:00.000Z
87,Shell,92124,"5970 Santo Rd, San Diego, CA 92124",USD,Regular,6.3,$6.30,gallon,2023-10-03T08:13:06.000Z,USD,Midgrade,6.55,$6.55,gallon,2023-10-03T08:20:57.000Z,USD,Premium,6.85,$6.85,gallon,2023-10-02T07:48:19.000Z
88,ARCO,92126,"9320 Mira Mesa Blvd, San Diego, CA 92126",USD,Regular,6.1,$6.10,gallon,2023-10-03T08:57:42.000Z,USD,Midgrade,6.3,$6.30,gallon,2023-10-02T10:26:22.000Z,USD,Premium,6.4,$6.40,gallon,2023-10-02T05:08:00.000Z
90,Chevron,92108,"2290 Camino Del Rio N, San Diego, CA 92108",USD,Regular,6.8,$6.80,gallon,2023-10-03T05:23:44.000Z,USD,Midgrade,6.9,$6.90,gallon,2023-10-02T20:10:21.000Z,USD,Premium,7.0,$7.00,gallon,2023-10-02T05:35:03.000Z
91,Chevron,92111,"7737 Balboa Ave, San Diego, CA 92111",USD,Regular,6.3,$6.30,gallon,2023-10-03T09:15:59.000Z,USD,Midgrade,6.5,$6.50,gallon,2023-10-03T09:15:59.000Z,USD,Premium,6.6,$6.60,gallon,2023-10-03T09:15:59.000Z
92,Chevron ExtraMileSan Diego,92123,"3690 Murphy Canyon Rd, San Diego, CA 92123",USD,Regular,6.1,$6.10,gallon,2023-10-03T09:19:23.000Z,USD,Midgrade,6.7,$6.70,gallon,2023-10-02T04:51:16.000Z,USD,Premium,6.8,$6.80,gallon,2023-10-02T01:06:14.000Z
93,Shell,92109,"2075 Balboa Ave, San Diego, CA 92109",USD,Regular,6.0,$6.00,gallon,2023-10-03T06:42:05.000Z,USD,Midgrade,6.4,$6.40,gallon,2023-10-02T14:48:06.000Z,USD,Premium,6.3,$6.30,gallon,2023-10-03T08:37:36.000Z
94,Shell,92111,"7785 Clairemont Mesa Blvd, San Diego, CA 92111",USD,Regular,6.51,$6.51,gallon,2023-10-03T09:06:39.000Z,USD,Midgrade,6.7,$6.70,gallon,2023-10-02T09:18:41.000Z,USD,Premium,6.8,$6.80,gallon,2023-10-03T08:44:57.000Z
96,Shell,92101,"2521 Pacific Hwy, San Diego, CA 92101",USD,Regular,7.0,$7.00,gallon,2023-10-03T09:18:47.000Z,USD,Midgrade,7.2,$7.20,gallon,2023-09-30T10:30:08.000Z,USD,Premium,7.3,$7.30,gallon,2023-10-02T15:17:31.000Z
97,Mobil,92124,"10496 Clairemont Mesa Blvd, San Diego, CA 92124",USD,Regular,6.0,$6.00,gallon,2023-10-03T08:28:09.000Z,USD,Midgrade,6.4,$6.40,gallon,2023-10-01T13:35:00.000Z,USD,Premium,6.4,$6.40,gallon,2023-10-02T12:58:52.000Z
98,Shell,92103,"3535 India St, San Diego, CA 92103",USD,Regular,6.8,$6.80,gallon,2023-10-03T11:52:38.000Z,USD,Midgrade,6.9,$6.90,gallon,2023-10-01T21:08:03.000Z,USD,Premium,7.0,$7.00,gallon,2023-10-02T10:36:54.000Z
99,ARCO,92123,"8820 Clairemont Mesa Blvd, San Diego, CA 92123",USD,Regular,6.3,$6.30,gallon,2023-10-03T08:53:23.000Z,USD,Midgrade,6.5,$6.50,gallon,2023-10-03T06:34:30.000Z,USD,Premium,6.6,$6.60,gallon,2023-10-03T05:15:09.000Z
100,Shell,92121,"6695 Mira Mesa Blvd, San Diego, CA 92121",USD,Regular,6.5,$6.50,gallon,2023-10-03T05:34:21.000Z,USD,Midgrade,6.7,$6.70,gallon,2023-10-02T09:43:04.000Z,USD,Premium,6.16,$6.16,gallon,2023-10-03T11:45:19.000Z
101,Fashion Valley Gas,92108,"6899 Friars Rd, San Diego, CA 92108",USD,Regular,6.4,$6.40,gallon,2023-10-02T15:18:06.000Z,USD,Midgrade,6.5,$6.50,gallon,2023-10-02T14:04:00.000Z,USD,Premium,6.6,$6.60,gallon,2023-09-30T16:48:07.000Z
102,Summit Gasoline,92110,"3580 Sports Arena Blvd, San Diego, CA 92110",USD,Regular,6.0,$6.00,gallon,2023-10-02T08:56:09.000Z,USD,Midgrade,6.1,$6.10,gallon,2023-09-27T04:14:59.000Z,USD,Premium,6.3,$6.30,gallon,2023-09-27T04:14:59.000Z
103,Thrifty,92102,"2502 Imperial Ave, San Diego, CA 92102",USD,Regular,6.2,$6.20,gallon,2023-10-01T16:23:58.000Z,USD,Midgrade,6.4,$6.40,gallon,2023-09-28T02:59:13.000Z,USD,Premium,6.6,$6.60,gallon,2023-09-28T15:46:00.000Z
104,76,92101,"1606 Market St, San Diego, CA 92101",USD,Regular,6.4,$6.40,gallon,2023-10-03T10:52:41.000Z,USD,Midgrade,6.6,$6.60,gallon,2023-10-03T10:52:41.000Z,USD,Premium,6.7,$6.70,gallon,2023-10-03T10:52:41.000Z
105,Shell,92127,"16629 Dove Canyon Rd, San Diego, CA 92127",USD,Regular,6.4,$6.40,gallon,2023-10-03T08:11:54.000Z,USD,Midgrade,6.8,$6.80,gallon,2023-10-01T07:10:36.000Z,USD,Premium,6.8,$6.80,gallon,2023-10-03T04:13:34.000Z
106,Chevron,92127,"16998 W Bernardo Dr, San Diego, CA 92127",USD,Regular,6.6,$6.60,gallon,2023-10-03T12:02:47.000Z,USD,Midgrade,6.7,$6.70,gallon,2023-10-02T13:43:54.000Z,USD,Premium,6.8,$6.80,gallon,2023-10-03T09:10:44.000Z
107,76,92127,"17011 W Bernardo Dr, San Diego, CA 92127",USD,Regular,6.2,$6.20,gallon,2023-10-03T10:08:49.000Z,USD,Midgrade,6.4,$6.40,gallon,2023-10-03T11:41:52.000Z,USD,Premium,6.55,$6.55,gallon,2023-10-02T09:45:43.000Z
108,Shell,92128,"12174 Carmel Mountain Rd, San Diego, CA 92128",USD,Regular,6.35,$6.35,gallon,2023-10-03T11:26:20.000Z,USD,Midgrade,6.6,$6.60,gallon,2023-10-03T06:51:45.000Z,USD,Premium,6.65,$6.65,gallon,2023-10-03T09:56:14.000Z
109,Chevron,92129,"11095 Carmel Mountain Rd, San Diego, CA 92129",USD,Regular,6.5,$6.50,gallon,2023-10-03T11:44:53.000Z,USD,Midgrade,6.7,$6.70,gallon,2023-10-03T08:14:29.000Z,USD,Premium,6.88,$6.88,gallon,2023-10-01T10:04:09.000Z
110,Shell,92128,"12507 Rancho Bernardo Rd, San Diego, CA 92128",USD,Regular,6.61,$6.61,gallon,2023-10-03T09:17:43.000Z,USD,Midgrade,6.7,$6.70,gallon,2023-10-01T15:07:40.000Z,USD,Premium,6.9,$6.90,gallon,2023-10-02T18:25:27.000Z
111,Mobil,92128,"11898 Rancho Bernardo Rd, San Diego, CA 92128",USD,Regular,6.18,$6.18,gallon,2023-10-03T12:01:37.000Z,USD,Midgrade,6.38,$6.38,gallon,2023-10-03T12:01:37.000Z,USD,Premium,6.58,$6.58,gallon,2023-10-03T12:01:37.000Z
112,Chevron,92128,"16757 Bernardo Center Dr, San Diego, CA 92128",USD,Regular,6.4,$6.40,gallon,2023-10-03T12:00:52.000Z,USD,Midgrade,6.59,$6.59,gallon,2023-10-03T07:12:56.000Z,USD,Premium,6.78,$6.78,gallon,2023-10-03T10:06:32.000Z
113,ARCO,92128,"11891 Rancho Bernardo Rd, San Diego, CA 92128",USD,Regular,6.1,$6.10,gallon,2023-10-03T07:49:34.000Z,USD,Midgrade,6.3,$6.30,gallon,2023-10-03T05:24:22.000Z,USD,Premium,6.5,$6.50,gallon,2023-10-03T05:24:22.000Z
114,Chevron,92129,"12929 Rancho Peñasquitos Blvd, San Diego, CA 92129",USD,Regular,6.3,$6.30,gallon,2023-10-03T12:19:09.000Z,USD,Midgrade,6.5,$6.50,gallon,2023-10-03T06:10:23.000Z,USD,Premium,6.6,$6.60,gallon,2023-10-03T06:10:23.000Z
115,Shell,92129,"9205 Twin Trails Dr, San Diego, CA 92129",USD,Regular,6.3,$6.30,gallon,2023-10-03T08:59:28.000Z,USD,Midgrade,6.5,$6.50,gallon,2023-10-02T06:15:00.000Z,USD,Premium,6.6,$6.60,gallon,2023-10-02T15:26:56.000Z
116,Chevron,92129,"9936 Mercy Rd, San Diego, CA 92129",USD,Regular,6.4,$6.40,gallon,2023-10-03T11:24:30.000Z,USD,Midgrade,6.6,$6.60,gallon,2023-10-03T06:09:33.000Z,USD,Premium,6.78,$6.78,gallon,2023-10-03T11:32:37.000Z
117,Mobil,92129,"9370 Paseo Montalban, San Diego, CA 92129",USD,Regular,6.22,$6.22,gallon,2023-10-03T07:54:08.000Z,USD,Midgrade,6.42,$6.42,gallon,2023-10-02T09:25:03.000Z,USD,Premium,6.62,$6.62,gallon,2023-09-30T18:32:01.000Z
118,Mobil,92129,"13007 Camino Del Sur, San Diego, CA 92129",USD,Regular,6.3,$6.30,gallon,2023-10-03T12:19:49.000Z,USD,Midgrade,6.5,$6.50,gallon,2023-10-03T12:01:37.000Z,USD,Premium,6.7,$6.70,gallon,2023-10-03T12:01:37.000Z
119,76,92129,"12860, 12860 Rancho Peñasquitos Blvd, San Diego, CA 92129",USD,Regular,6.3,$6.30,gallon,2023-10-03T02:56:07.000Z,USD,Midgrade,6.5,$6.50,gallon,2023-10-01T16:51:19.000Z,USD,Premium,6.66,$6.66,gallon,2023-10-02T14:34:40.000Z
120,Mobil,92129,"12849 Rancho Peñasquitos Blvd, San Diego, CA 92129",USD,Regular,6.24,$6.24,gallon,2023-10-03T12:01:37.000Z,USD,Midgrade,6.44,$6.44,gallon,2023-10-03T12:01:37.000Z,USD,Premium,6.64,$6.64,gallon,2023-10-03T12:01:37.000Z
121,Shell,92128,"11815 Carmel Mountain Rd, San Diego, CA 92128",USD,Regular,6.4,$6.40,gallon,2023-10-03T11:50:32.000Z,USD,Midgrade,6.6,$6.60,gallon,2023-10-02T08:46:42.000Z,USD,Premium,6.66,$6.66,gallon,2023-10-03T11:40:22.000Z
122,Sunset Gas and Market,92107,"4792 Point Loma Ave, San Diego, CA 92107",USD,Regular,6.3,$6.30,gallon,2023-09-30T08:29:51.000Z,USD,Midgrade,6.3,$6.30,gallon,2023-10-02T17:32:43.000Z,USD,Premium,6.5,$6.50,gallon,2023-10-02T17:32:43.000Z
123,Shell,92107,"4794 Voltaire St, San Diego, CA 92107",USD,Regular,6.5,$6.50,gallon,2023-10-02T12:34:50.000Z,USD,Midgrade,6.7,$6.70,gallon,2023-10-01T14:48:37.000Z,USD,Premium,6.8,$6.80,gallon,2023-10-01T14:59:42.000Z
124,Speedway Express,92119,"8787 Lake Murray Blvd, San Diego, CA 92119",USD,Regular,5.8,$5.80,gallon,2023-09-28T12:53:15.000Z,USD,Midgrade,6.1,$6.10,gallon,2023-09-29T06:50:35.000Z,USD,Premium,6.2,$6.20,gallon,2023-09-29T06:50:35.000Z
125,Chevron,92119,"8815 Lake Murray Blvd, San Diego, CA 92119",USD,Regular,6.1,$6.10,gallon,2023-10-03T11:50:47.000Z,USD,Midgrade,6.3,$6.30,gallon,2023-10-03T09:51:09.000Z,USD,Premium,6.4,$6.40,gallon,2023-10-03T09:51:09.000Z
126,Xpress Gas & Mart,92119,"8602 Lake Murray Blvd, San Diego, CA 92119",USD,Regular,5.8,$5.80,gallon,2023-10-03T11:58:42.000Z,USD,Midgrade,6.1,$6.10,gallon,2023-10-03T11:58:42.000Z,USD,Premium,6.2,$6.20,gallon,2023-10-03T11:58:42.000Z
127,Chevron,92122,"3860 Governor Dr, San Diego, CA 92122",USD,Regular,6.3,$6.30,gallon,2023-10-03T09:28:51.000Z,USD,Midgrade,6.5,$6.50,gallon,2023-10-03T08:28:06.000Z,USD,Premium,6.6,$6.60,gallon,2023-10-03T08:28:06.000Z
128,Chevron,92121,"6795 Mira Mesa Blvd, San Diego, CA 92121",USD,Regular,6.48,$6.48,gallon,2023-10-03T12:29:58.000Z,USD,Midgrade,6.68,$6.68,gallon,2023-10-02T20:14:10.000Z,USD,Premium,6.88,$6.88,gallon,2023-10-03T05:11:34.000Z
129,Sinclair,92131,"12033 Scripps Summit Dr, San Diego, CA 92131",USD,Regular,6.2,$6.20,gallon,2023-10-02T06:15:00.000Z,USD,Midgrade,6.2,$6.20,gallon,2023-10-03T12:24:11.000Z,USD,Premium,6.46,$6.46,gallon,2023-10-02T11:49:26.000Z
130,Mobil,92131,"10555 Scripps Poway Pkwy, San Diego, CA 92131",USD,Regular,6.26,$6.26,gallon,2023-10-03T12:15:49.000Z,USD,Midgrade,6.46,$6.46,gallon,2023-10-03T12:01:37.000Z,USD,Premium,6.66,$6.66,gallon,2023-10-03T12:25:53.000Z
131,Shell,92131,"12010 Scripps Highlands Dr, San Diego, CA 92131",USD,Regular,6.3,$6.30,gallon,2023-10-03T11:54:37.000Z,USD,Midgrade,6.6,$6.60,gallon,2023-10-03T12:16:23.000Z,USD,Premium,6.6,$6.60,gallon,2023-10-03T12:21:12.000Z
132,ARCO,92130,"3170 Carmel Valley Rd, San Diego, CA 92130",USD,Regular,6.4,$6.40,gallon,2023-10-03T12:01:27.000Z,USD,Midgrade,6.6,$6.60,gallon,2023-10-03T06:54:14.000Z,USD,Premium,6.8,$6.80,gallon,2023-10-03T07:00:08.000Z
133,Chevron,92130,"12889 El Camino Real, San Diego, CA 92130",USD,Regular,6.6,$6.60,gallon,2023-10-03T10:09:33.000Z,USD,Midgrade,6.9,$6.90,gallon,2023-10-02T12:08:00.000Z,USD,Premium,6.96,$6.96,gallon,2023-10-03T07:50:30.000Z
134,Shell,92130,"3015 Del Mar Heights Rd, San Diego, CA 92130",USD,Regular,6.6,$6.60,gallon,2023-10-03T10:46:37.000Z,USD,Midgrade,6.9,$6.90,gallon,2023-10-02T11:47:00.000Z,USD,Premium,7.0,$7.00,gallon,2023-10-02T11:47:00.000Z
135,Shell,92130,"3060 Carmel Valley Rd, San Diego, CA 92130",USD,Regular,6.6,$6.60,gallon,2023-10-03T12:11:40.000Z,USD,Midgrade,6.8,$6.80,gallon,2023-10-01T16:31:46.000Z,USD,Premium,7.0,$7.00,gallon,2023-10-03T08:24:12.000Z
136,Shell,92130,"3861 Valley Centre Dr, San Diego, CA 92130",USD,Regular,6.48,$6.48,gallon,2023-10-03T11:56:30.000Z,USD,Midgrade,6.68,$6.68,gallon,2023-10-03T11:56:30.000Z,USD,Premium,6.88,$6.88,gallon,2023-10-03T11:56:30.000Z
137,Shell,92139,"2919 Alta View Dr, San Diego, CA 92139",USD,Regular,7.0,$7.00,gallon,2023-09-27T08:36:27.000Z,USD,Midgrade,7.2,$7.20,gallon,2023-09-27T08:36:27.000Z,USD,Premium,7.1,$7.10,gallon,2023-10-02T12:44:06.000Z
138,Chevron,92154,"1599 La Media Rd, San Diego, CA 92154",USD,Regular,5.9,$5.90,gallon,2023-10-03T12:00:34.000Z,USD,Midgrade,6.05,$6.05,gallon,2023-10-02T05:40:03.000Z,USD,Premium,6.1,$6.10,gallon,2023-10-02T14:31:53.000Z
139,Chevron,92154,"604 Dennery Rd, San Diego, CA 92154",USD,Regular,6.5,$6.50,gallon,2023-10-03T11:24:47.000Z,USD,Midgrade,6.7,$6.70,gallon,2023-10-03T11:59:33.000Z,USD,Premium,6.88,$6.88,gallon,2023-10-01T17:13:02.000Z
140,Chevron,92154,"4360 Palm Ave, San Diego, CA 92154",USD,Regular,6.7,$6.70,gallon,2023-10-03T10:35:49.000Z,USD,Midgrade,6.9,$6.90,gallon,2023-10-03T04:51:24.000Z,USD,Premium,7.0,$7.00,gallon,2023-10-03T04:51:24.000Z
141,ARCO,92154,"1625 Heritage Rd, San Diego, CA 92154",USD,Regular,6.1,$6.10,gallon,2023-10-03T11:27:08.000Z,USD,Midgrade,6.3,$6.30,gallon,2023-10-03T08:38:08.000Z,USD,Premium,6.4,$6.40,gallon,2023-10-03T05:03:38.000Z
142,Flyers Gas Station Otay Mesa,92154,"8289 Otay Mesa Rd, San Diego, CA 92154",USD,Regular,5.8,$5.80,gallon,2023-10-02T10:10:00.000Z,USD,Midgrade,6.3,$6.30,gallon,2023-10-01T13:55:40.000Z,USD,Premium,6.7,$6.70,gallon,2023-10-01T13:55:40.000Z
143,Noil USA,92154,"1605 Cactus Rd, San Diego, CA 92154",USD,Regular,5.85,$5.85,gallon,2023-10-03T08:04:44.000Z,USD,Midgrade,5.95,$5.95,gallon,2023-10-03T04:55:43.000Z,USD,Premium,6.05,$6.05,gallon,2023-10-03T04:55:43.000Z
144,US Gasoline,92154,"2310 Roll Dr, San Diego, CA 92154",USD,Regular,5.9,$5.90,gallon,2023-10-02T14:46:44.000Z,USD,Midgrade,6.1,$6.10,gallon,2023-10-03T02:56:25.000Z,USD,Premium,6.4,$6.40,gallon,2023-10-01T16:47:30.000Z
145,76,92154,"2535 Otay Center Dr, San Diego, CA 92154",USD,Regular,6.1,$6.10,gallon,2023-10-03T08:18:52.000Z,USD,Midgrade,6.3,$6.30,gallon,2023-10-03T04:54:43.000Z,USD,Premium,6.5,$6.50,gallon,2023-10-02T10:40:36.000Z
146,ARCO,92114,"495 S Meadowbrook Dr, San Diego, CA 92114",USD,Regular,5.9,$5.90,gallon,2023-10-02T05:30:20.000Z,USD,Midgrade,6.08,$6.08,gallon,2023-10-02T16:44:05.000Z,USD,Premium,6.18,$6.18,gallon,2023-10-02T16:44:05.000Z
147,Speedway Express,92114,"6311 Imperial Ave, San Diego, CA 92114",USD,Regular,6.0,$6.00,gallon,2023-10-03T07:13:01.000Z,USD,Midgrade,6.2,$6.20,gallon,2023-09-30T15:50:40.000Z,USD,Premium,6.3,$6.30,gallon,2023-09-30T15:50:40.000Z
148,Mobil,92114,"1025 Euclid Ave, San Diego, CA 92114",USD,Regular,6.2,$6.20,gallon,2023-10-03T12:17:32.000Z,USD,Midgrade,6.4,$6.40,gallon,2023-10-02T11:20:09.000Z,USD,Premium,6.6,$6.60,gallon,2023-10-03T06:30:09.000Z
149,76,92114,"6839 Imperial Ave, San Diego, CA 92114",USD,Regular,6.15,$6.15,gallon,2023-10-03T11:53:06.000Z,USD,Midgrade,6.35,$6.35,gallon,2023-10-03T11:53:06.000Z,USD,Premium,6.5,$6.50,gallon,2023-10-03T11:53:06.000Z
150,ARCO,92114,"5109 Imperial Ave, San Diego, CA 92114",USD,Regular,6.1,$6.10,gallon,2023-10-02T14:22:51.000Z,USD,Midgrade,6.3,$6.30,gallon,2023-10-02T14:22:51.000Z,USD,Premium,6.5,$6.50,gallon,2023-10-02T14:22:51.000Z
151,US GAS,92025,"445 W 5th Ave, Escondido, CA 92025",USD,Regular,5.74,$5.74,gallon,2023-10-03T11:10:22.000Z,USD,Midgrade,5.96,$5.96,gallon,2023-10-03T07:44:15.000Z,USD,Premium,6.25,$6.25,gallon,2023-10-03T07:44:15.000Z
152,Varso Gas Station,92025,"2306 S Escondido Blvd, Escondido, CA 92025",USD,Regular,6.0,$6.00,gallon,2023-10-03T06:43:28.000Z,USD,Midgrade,6.2,$6.20,gallon,2023-10-03T06:43:28.000Z,USD,Premium,6.39,$6.39,gallon,2023-10-03T06:43:28.000Z
153,California Super GAS,92025,"510 W 5th Ave, Escondido, CA 92025",USD,Regular,6.1,$6.10,gallon,2023-10-03T10:29:06.000Z,USD,Midgrade,6.4,$6.40,gallon,2023-10-03T08:12:18.000Z,USD,Premium,6.5,$6.50,gallon,2023-10-03T08:12:18.000Z
154,Shell,92025,"105 E Via Rancho Pkwy, Escondido, CA 92025",USD,Regular,6.2,$6.20,gallon,2023-10-03T12:20:15.000Z,USD,Midgrade,6.5,$6.50,gallon,2023-10-02T10:11:41.000Z,USD,Premium,6.6,$6.60,gallon,2023-10-03T09:10:36.000Z
155,76,92025,"303 S Escondido Blvd, Escondido, CA 92025",USD,Regular,6.1,$6.10,gallon,2023-10-03T08:13:19.000Z,USD,Midgrade,6.3,$6.30,gallon,2023-10-03T08:13:19.000Z,USD,Premium,6.45,$6.45,gallon,2023-10-03T08:13:19.000Z
156,United Oil,92025,"102 W Mission Ave, Escondido, CA 92025",USD,Regular,5.8,$5.80,gallon,2023-10-03T09:02:16.000Z,USD,Midgrade,6.0,$6.00,gallon,2023-10-02T15:13:56.000Z,USD,Premium,6.1,$6.10,gallon,2023-10-03T08:00:58.000Z
157,ARCO,92025,"100 La Terraza Blvd, Escondido, CA 92025",USD,Regular,6.06,$6.06,gallon,2023-10-03T08:54:48.000Z,USD,Midgrade,6.16,$6.16,gallon,2023-10-03T06:42:01.000Z,USD,Premium,6.36,$6.36,gallon,2023-10-03T09:09:57.000Z
158,Ronco Gas,92025,"1158 E Washington Ave, Escondido, CA 92025",USD,Regular,5.7,$5.70,gallon,2023-10-03T06:55:50.000Z,USD,Midgrade,5.87,$5.87,gallon,2023-10-03T06:55:50.000Z,USD,Premium,5.97,$5.97,gallon,2023-10-03T06:55:50.000Z
159,Vons Fuel Station,92025,"469 W Felicita Ave, Escondido, CA 92025",USD,Regular,6.0,$6.00,gallon,2023-10-03T11:34:52.000Z,USD,Midgrade,6.22,$6.22,gallon,2023-10-03T08:09:21.000Z,USD,Premium,6.33,$6.33,gallon,2023-10-03T12:30:12.000Z
160,Chevron,92027,"1575 E Valley Pkwy, Escondido, CA 92027",USD,Regular,6.5,$6.50,gallon,2023-10-03T08:19:58.000Z,USD,Midgrade,6.7,$6.70,gallon,2023-10-03T08:26:16.000Z,USD,Premium,6.8,$6.80,gallon,2023-10-03T08:13:14.000Z
161,Mobil,92014,"2750 Via De La Valle, Del Mar, CA 92014",USD,Regular,6.28,$6.28,gallon,2023-10-03T12:01:37.000Z,USD,Midgrade,6.48,$6.48,gallon,2023-10-03T12:01:37.000Z,USD,Premium,6.68,$6.68,gallon,2023-10-03T12:01:37.000Z
162,Chevron,92014,"2661 Via De La Valle, Del Mar, CA 92014",USD,Regular,6.0,$6.00,gallon,2023-10-03T11:44:40.000Z,USD,Midgrade,6.2,$6.20,gallon,2023-10-03T10:00:00.000Z,USD,Premium,6.38,$6.38,gallon,2023-10-02T11:47:46.000Z
163,Shell,92014,"2205 Via De La Valle, Del Mar, CA 92014",USD,Regular,6.3,$6.30,gallon,2023-10-03T00:19:03.000Z,USD,Midgrade,6.5,$6.50,gallon,2023-10-01T11:25:46.000Z,USD,Premium,6.7,$6.70,gallon,2023-10-02T13:27:32.000Z
164,Mobil,92037,"3233 La Jolla Village Dr, La Jolla, CA 92037",USD,Regular,6.5,$6.50,gallon,2023-10-03T12:24:24.000Z,USD,Midgrade,6.6,$6.60,gallon,2023-10-03T11:41:16.000Z,USD,Premium,6.9,$6.90,gallon,2023-10-02T19:29:19.000Z
165,Chevron,92037,"7475 La Jolla Blvd, La Jolla, CA 92037",USD,Regular,6.16,$6.16,gallon,2023-10-03T12:19:37.000Z,USD,Midgrade,6.5,$6.50,gallon,2023-10-01T10:16:41.000Z,USD,Premium,6.46,$6.46,gallon,2023-10-03T09:06:22.000Z
167,ARCO,92173,"121 E San Ysidro Blvd, San Ysidro, CA 92173",USD,Regular,6.4,$6.40,gallon,2023-09-30T21:45:38.000Z,USD,Midgrade,6.4,$6.40,gallon,2023-09-26T21:05:47.000Z,USD,Premium,6.8,$6.80,gallon,2023-09-25T08:46:15.000Z
168,ARCO,92173,"779 W San Ysidro Blvd, San Ysidro, CA 92173",USD,Regular,6.4,$6.40,gallon,2023-10-03T08:41:40.000Z,USD,Midgrade,6.7,$6.70,gallon,2023-10-01T14:52:09.000Z,USD,Premium,7.0,$7.00,gallon,2023-10-03T05:42:33.000Z
169,Chevron,92173,"220 Sycamore Rd, San Ysidro, CA 92173",USD,Regular,6.0,$6.00,gallon,2023-10-03T09:32:19.000Z,USD,Midgrade,6.2,$6.20,gallon,2023-10-03T09:32:19.000Z,USD,Premium,6.4,$6.40,gallon,2023-10-03T09:32:19.000Z
170,San Ysidro Chevron,92173,"104 W San Ysidro Blvd, San Ysidro, CA 92173",USD,Regular,6.4,$6.40,gallon,2023-10-03T12:18:20.000Z,USD,Midgrade,6.6,$6.60,gallon,2023-10-03T01:13:01.000Z,USD,Premium,7.0,$7.00,gallon,2023-10-02T22:36:31.000Z
171,Chevron,92071,"9811 Mission Gorge Rd, Santee, CA 92071",USD,Regular,6.16,$6.16,gallon,2023-10-03T12:18:23.000Z,USD,Midgrade,6.46,$6.46,gallon,2023-10-02T10:06:14.000Z,USD,Premium,6.72,$6.72,gallon,2023-10-03T05:48:23.000Z
172,Chevron,92071,"8888 Magnolia Ave, Santee, CA 92071",USD,Regular,6.4,$6.40,gallon,2023-10-02T04:57:38.000Z,USD,Midgrade,6.6,$6.60,gallon,2023-10-02T04:57:38.000Z,USD,Premium,6.98,$6.98,gallon,2023-10-03T06:50:54.000Z
173,76,92071,"8617 Cuyamaca St Suite #1, Santee, CA 92071",USD,Regular,6.1,$6.10,gallon,2023-10-03T11:43:54.000Z,USD,Midgrade,6.3,$6.30,gallon,2023-10-02T07:28:48.000Z,USD,Premium,6.4,$6.40,gallon,2023-10-03T10:10:15.000Z
174,Qwik Korner,92071,"9035 Mission Gorge Rd, Santee, CA 92071",USD,Regular,6.0,$6.00,gallon,2023-10-03T12:11:44.000Z,USD,Midgrade,6.2,$6.20,gallon,2023-10-02T08:29:41.000Z,USD,Premium,6.4,$6.40,gallon,2023-10-02T08:29:41.000Z
175,Mobil,92071,"9750 Magnolia Ave, Santee, CA 92071",USD,Regular,6.2,$6.20,gallon,2023-10-03T12:01:37.000Z,USD,Midgrade,6.4,$6.40,gallon,2023-10-03T12:01:37.000Z,USD,Premium,6.6,$6.60,gallon,2023-10-03T12:01:37.000Z
176,76,92071,"10219 Mast Blvd, Santee, CA 92071",USD,Regular,6.2,$6.20,gallon,2023-10-03T03:16:55.000Z,USD,Midgrade,6.4,$6.40,gallon,2023-10-01T15:12:11.000Z,USD,Premium,6.55,$6.55,gallon,2023-10-01T15:12:11.000Z
177,Shell,92071,"9009 Carlton Hills Blvd, Santee, CA 92071",USD,Regular,6.2,$6.20,gallon,2023-09-30T04:52:24.000Z,USD,Midgrade,6.46,$6.46,gallon,2023-09-30T04:52:24.000Z,USD,Premium,6.72,$6.72,gallon,2023-09-30T04:52:24.000Z
