"title","address","gasPrices/0/currency","gasPrices/0/gasType","gasPrices/0/price","gasPrices/0/priceTag","gasPrices/0/unit","gasPrices/0/updatedAt","gasPrices/1/currency","gasPrices/1/gasType","gasPrices/1/price","gasPrices/1/priceTag","gasPrices/1/unit","gasPrices/1/updatedAt","gasPrices/2/currency","gasPrices/2/gasType","gasPrices/2/price","gasPrices/2/priceTag","gasPrices/2/unit","gasPrices/2/updatedAt","gasPrices/3/currency","gasPrices/3/gasType","gasPrices/3/price","gasPrices/3/priceTag","gasPrices/3/unit","gasPrices/3/updatedAt","website","phone","totalScore","rank","reviewsCount","isAdvertisement","categoryName","searchString","url"
"Shell","1011 A St, San Diego, CA 92101","USD","Regular","7","$7.00","gallon","2023-10-03T09:20:18.000Z","USD","Midgrade","7.11","$7.11","gallon","2023-10-02T19:38:42.000Z","USD","Premium","7.2","$7.20","gallon","2023-10-02T13:26:42.000Z",,,,,,,"https://find.shell.com/us/fuel/10008234-1011-a-st","(619) 232-2906","3.3","4","124","false","Gas station","gas station in San Diego","https://www.google.com/maps/place/Shell/@32.7185443,-117.1550452,17z/data=!3m1!4b1!4m6!3m5!1s0x80d954a0d7ccd0db:0xfefe67980ce0a72!8m2!3d32.7185443!4d-117.1550452!16s%2Fg%2F1tgm34bl?hl=en&entry=ttu"
"Shell","2777 Health Center Dr, San Diego, CA 92123","USD","Regular","7","$7.00","gallon","2023-10-02T15:59:32.000Z","USD","Midgrade","7.2","$7.20","gallon","2023-10-02T19:28:22.000Z","USD","Premium","7.3","$7.30","gallon","2023-10-02T19:28:22.000Z","USD","Diesel","7.3","$7.30","gallon","2023-10-03T04:43:15.000Z","https://find.shell.com/us/fuel/12476277-2777-health-center-dr","(859) 279-3673","3.5","3","40","false","Gas station","gas station in San Diego","https://www.google.com/maps/place/Shell/@32.7930186,-117.1566072,17z/data=!3m1!4b1!4m6!3m5!1s0x80d9555bf27ef6c9:0xd08926b19f84471e!8m2!3d32.7930186!4d-117.1566072!16s%2Fg%2F11byxgp06z?hl=en&entry=ttu"
"Texas Street Valero","4616 Texas St, San Diego, CA 92116","USD","Regular","6.4","$6.40","gallon","2023-10-03T05:53:19.000Z","USD","Midgrade","6.6","$6.60","gallon","2023-10-03T05:53:19.000Z","USD","Premium","6.8","$6.80","gallon","2023-10-03T05:53:19.000Z","USD","Diesel","6.5","$6.50","gallon","2023-10-03T05:53:19.000Z",,"(619) 296-4913","4.1","37","235","false","Gas station","gas station in San Diego","https://www.google.com/maps/place/Texas+Street+Valero/@32.7613052,-117.1391355,17z/data=!3m1!4b1!4m6!3m5!1s0x80d954e2af70bec7:0x4b0a9367d5d3cfe6!8m2!3d32.7613052!4d-117.1391355!16s%2Fg%2F1w6r8kpm?hl=en&entry=ttu"
"Chevron","7070 Clairemont Mesa Blvd, San Diego, CA 92117","USD","Regular","6.3","$6.30","gallon","2023-10-03T09:15:59.000Z","USD","Midgrade","6.5","$6.50","gallon","2023-10-03T09:15:59.000Z","USD","Premium","6.6","$6.60","gallon","2023-10-03T09:15:59.000Z","USD","Diesel","6.3","$6.30","gallon","2023-10-03T09:15:59.000Z","http://www.chevronwithtechron.com/stations/station-finder.aspx","(858) 922-4894","3.7","35","20","false","Gas station","gas station in San Diego","https://www.google.com/maps/place/Chevron/@32.8330281,-117.164281,17z/data=!3m1!4b1!4m6!3m5!1s0x80dbff848b967803:0xbed3dab4ab1cd85e!8m2!3d32.8330281!4d-117.164281!16s%2Fg%2F11_t03_jh?hl=en&entry=ttu"
"Laurel Pacific Gas (Valero)","2499 Pacific Hwy, San Diego, CA 92101","USD","Regular","6.8","$6.80","gallon","2023-10-03T09:17:23.000Z","USD","Midgrade","6.9","$6.90","gallon","2023-10-02T05:37:50.000Z","USD","Premium","7","$7.00","gallon","2023-10-02T10:00:45.000Z","USD","Diesel","6.8","$6.80","gallon","2023-10-03T08:24:45.000Z","https://locations.valero.com/en-us/LocationDetails/Index/2499-PACIFIC-HWY/0000027375","(619) 338-4965","3.7","36","147","false","Gas station","gas station in San Diego","https://www.google.com/maps/place/Laurel+Pacific+Gas+(Valero)/@32.7294036,-117.1733656,17z/data=!3m1!4b1!4m6!3m5!1s0x80d954b4cd0cbadd:0x40e05c1bd89912be!8m2!3d32.7294036!4d-117.1733656!16s%2Fg%2F11h3ytpmy7?hl=en&entry=ttu"
"ARCO","6130 Balboa Ave, San Diego, CA 92111","USD","Regular","6.6","$6.60","gallon","2023-10-03T07:48:27.000Z","USD","Midgrade","6.8","$6.80","gallon","2023-10-03T07:42:12.000Z","USD","Premium","7","$7.00","gallon","2023-10-03T07:42:12.000Z",,,,,,,"https://www.arco.com/en-us/southwest/find-a-station/","(858) 737-4122","3.6","60","144","false","Gas station","gas station in San Diego","https://www.google.com/maps/place/ARCO/@32.820635,-117.1755921,17z/data=!3m1!4b1!4m6!3m5!1s0x80dc0075d0fcff4d:0x62fe5560573eba08!8m2!3d32.820635!4d-117.1755921!16s%2Fg%2F1q6j7gn_b?hl=en&entry=ttu"
"Shell","3425 Midway Dr, San Diego, CA 92110","USD","Regular","6.31","$6.31","gallon","2023-10-03T07:58:25.000Z","USD","Midgrade","6.5","$6.50","gallon","2023-10-03T02:07:49.000Z","USD","Premium","6.6","$6.60","gallon","2023-10-03T07:56:25.000Z","USD","Diesel","6.3","$6.30","gallon","2023-10-03T06:42:03.000Z","https://find.shell.com/us/fuel/10013499-3425-midway-dr","(619) 758-1412","3.7","80","96","false","Gas station","gas station in San Diego","https://www.google.com/maps/place/Shell/@32.7503731,-117.2127401,17z/data=!3m1!4b1!4m6!3m5!1s0x80deaafb8e730437:0xf301338ba5285fdb!8m2!3d32.7503731!4d-117.2127401!16s%2Fg%2F1tfl9zhj?hl=en&entry=ttu"
"Speedway","3255 University Ave, San Diego, CA 92104","USD","Regular","6.3","$6.30","gallon","2023-10-03T05:28:07.000Z","USD","Midgrade","6.5","$6.50","gallon","2023-10-02T06:15:00.000Z","USD","Premium","6.6","$6.60","gallon","2023-10-02T06:15:00.000Z","USD","Diesel","6.29","$6.29","gallon","2023-10-02T06:15:00.000Z","https://www.speedway.com/locations/CA/San-Diego/3255-UNIVERSITY-AVE","(619) 283-2517","3.6","87","30","false","Gas station","gas station in San Diego","https://www.google.com/maps/place/Speedway/@32.7483067,-117.1236449,17z/data=!3m1!4b1!4m6!3m5!1s0x80d9545ee03a97f7:0xe3dda0f9af02da99!8m2!3d32.7483067!4d-117.1236449!16s%2Fg%2F1w15zqyv?hl=en&entry=ttu"
"Shell","7448 Jackson Dr, San Diego, CA 92119","USD","Regular","6.7","$6.70","gallon","2023-10-02T13:32:50.000Z","USD","Midgrade","6.8","$6.80","gallon","2023-10-01T05:02:45.000Z","USD","Premium","7","$7.00","gallon","2023-10-02T14:33:39.000Z","USD","Diesel","6.4","$6.40","gallon","2023-10-01T05:02:45.000Z","https://find.shell.com/us/fuel/12722195-7448-jackson-dr","(619) 504-4569","4","100","6","false","Gas station","gas station in San Diego","https://www.google.com/maps/place/Shell/@32.8034788,-117.0462848,17z/data=!3m1!4b1!4m6!3m5!1s0x80d957b07ebaf791:0x588d8a882aaa63ab!8m2!3d32.8034788!4d-117.0462848!16s%2Fg%2F11fqkw11lc?hl=en&entry=ttu"
"US-80 Fuel Plaza","4099 El Cajon Blvd, San Diego, CA 92105",,,,,,,,,,,,,,,,,,,,,,,,,,,,"115","0","false","Gas station","gas station in San Diego","https://www.google.com/maps/place/US-80+Fuel+Plaza/@32.7551106,-117.1071995,17z/data=!3m1!4b1!4m6!3m5!1s0x80d955db2bb01bf3:0x9a017a711336d848!8m2!3d32.7551106!4d-117.1071995!16s%2Fg%2F11sqgfhvcr?hl=en&entry=ttu"
"MCX Gas Station","2499, San Diego, CA 92126",,,,,,,,,,,,,,,,,,,,,,,,,"http://www.mymcx.com/index.cfm/locations/miramar/services/convenience-stores/","(858) 695-7300","4.4","113","164","false","Gas station","gas station in San Diego","https://www.google.com/maps/place/MCX+Gas+Station/@32.8903233,-117.1240261,17z/data=!3m1!4b1!4m6!3m5!1s0x80dbfed52c58fdb5:0x1f360cb605e13a67!8m2!3d32.8903233!4d-117.1240261!16s%2Fg%2F11fz9gwkq7?hl=en&entry=ttu"
"Chevron","5040 El Cajon Blvd, San Diego, CA 92115","USD","Regular","6.6","$6.60","gallon","2023-10-02T08:52:30.000Z","USD","Midgrade","6.8","$6.80","gallon","2023-09-29T13:55:44.000Z","USD","Premium","7","$7.00","gallon","2023-10-01T06:32:59.000Z",,,,,,,"https://www.chevron.com/","(619) 265-2379","1.8","111","13","false","Gas station","gas station in San Diego","https://www.google.com/maps/place/Chevron/@32.7571862,-117.0861051,17z/data=!3m1!4b1!4m6!3m5!1s0x80d95423e864fb43:0x398c31a245353e1d!8m2!3d32.7571862!4d-117.0861051!16s%2Fg%2F11b8t945_t?hl=en&entry=ttu"
"NEX Autoport: Murphy Canyon","3401 Santo Rd, San Diego, CA 92124",,,,,,,,,,,,,,,,,,,,,,,,,"https://www.mynavyexchange.com/","(858) 627-4428","4.4","120","360","false","Convenience store","gas station in San Diego","https://www.google.com/maps/place/NEX+Autoport:+Murphy+Canyon/@32.8081498,-117.1048109,17z/data=!3m1!4b1!4m6!3m5!1s0x80d9558b11c07b3f:0x8a892294954c4aac!8m2!3d32.8081498!4d-117.1048109!16s%2Fg%2F1tyt5myw?hl=en&entry=ttu"
"Speedway","4202 Clairemont Mesa Blvd, San Diego, CA 92117","USD","Regular","6","$6.00","gallon","2023-10-03T07:38:32.000Z","USD","Midgrade","6.2","$6.20","gallon","2023-10-02T16:58:45.000Z","USD","Premium","6.3","$6.30","gallon","2023-10-02T16:58:45.000Z","USD","Diesel","6.49","$6.49","gallon","2023-10-03T05:19:58.000Z","https://www.speedway.com/locations/CA/San-Diego/4202-CLAIREMONT-MESA-BLVD","(858) 483-3750","4.5","119","31","false","Gas station","gas station in San Diego","https://www.google.com/maps/place/Speedway/@32.831406,-117.2020529,17z/data=!3m1!4b1!4m6!3m5!1s0x80dc00f5ef22f6e7:0x6680a2c1e0318b9f!8m2!3d32.831406!4d-117.2020529!16s%2Fg%2F11lgj3q4cf?hl=en&entry=ttu"
"Soco Petroleum","4915 Mercury St, San Diego, CA 92111",,,,,,,,,,,,,,,,,,,,,,,,,,"(858) 627-0440",,"118","0","false","Gas station","gas station in San Diego","https://www.google.com/maps/place/Soco+Petroleum/@32.8310302,-117.1484745,17z/data=!3m1!4b1!4m6!3m5!1s0x80dbffbd41e45add:0x670f1bb2d26e289c!8m2!3d32.8310302!4d-117.1484745!16s%2Fg%2F1th87d_m?hl=en&entry=ttu"
"Royal Oil","6953 Navajo Rd, San Diego, CA 92119",,,,,,,,,,,,,,,,,,,,,,,,,,"(619) 462-2204","4.5","117","19","false","Gas station","gas station in San Diego","https://www.google.com/maps/place/Royal+Oil/@32.8038015,-117.0454352,17z/data=!3m1!4b1!4m6!3m5!1s0x80d95735989632bf:0xe4420b2398cbc3ed!8m2!3d32.8038015!4d-117.0454352!16s%2Fg%2F11fb0vt73k?hl=en&entry=ttu"
"Chevron","6404 Mission Gorge Rd, San Diego, CA 92120","USD","Regular","6.3","$6.30","gallon","2023-10-03T09:11:04.000Z","USD","Midgrade","6.76","$6.76","gallon","2023-10-02T07:56:54.000Z","USD","Premium","6.92","$6.92","gallon","2023-10-02T11:19:58.000Z","USD","Diesel","6.2","$6.20","gallon","2023-10-01T10:05:24.000Z","https://www.chevron.com/","(619) 284-2181","3.6","116","18","false","Gas station","gas station in San Diego","https://www.google.com/maps/place/Chevron/@32.790126,-117.0979795,17z/data=!3m1!4b1!4m6!3m5!1s0x80d955c19a61d52f:0x353cf1ae9bcf3268!8m2!3d32.790126!4d-117.0979795!16s%2Fg%2F11ny4p847m?hl=en&entry=ttu"
"Shell","2290 Moore St, San Diego, CA 92110","USD","Regular","6.7","$6.70","gallon","2023-10-03T08:57:31.000Z","USD","Midgrade","7","$7.00","gallon","2023-09-30T11:47:24.000Z","USD","Premium","6.9","$6.90","gallon","2023-10-02T12:29:07.000Z","USD","Diesel","7.1","$7.10","gallon","2023-10-03T09:04:20.000Z","https://find.shell.com/us/fuel/10008227-2290-moore-st","(619) 291-1938","3.3","108","38","false","Gas station","gas station in San Diego","https://www.google.com/maps/place/Shell/@32.748117,-117.192902,17z/data=!3m1!4b1!4m6!3m5!1s0x80deab2096637171:0xff35867a6aad099f!8m2!3d32.748117!4d-117.192902!16s%2Fg%2F12625t1sy?hl=en&entry=ttu"
"Gas Station","3775 Morena Blvd, San Diego, CA 92109",,,,,,,,,,,,,,,,,,,,,,,,,,,,"107","0","false","Gas station","gas station in San Diego","https://www.google.com/maps/place/Gas+Station/@32.8087783,-117.2151102,17z/data=!3m1!4b1!4m6!3m5!1s0x80dc01159bf9ea71:0x9fbf4b062ef0486c!8m2!3d32.8087783!4d-117.2151102!16s%2Fg%2F11l1dptp8g?hl=en&entry=ttu"
"Mobil","1809 W Washington St, San Diego, CA 92103","USD","Regular","6.4","$6.40","gallon","2023-10-03T08:54:37.000Z","USD","Midgrade","6.8","$6.80","gallon","2023-10-02T05:15:28.000Z","USD","Premium","6.8","$6.80","gallon","2023-10-02T05:15:28.000Z","USD","Diesel","6.4","$6.40","gallon","2023-10-03T03:40:23.000Z","https://www.exxon.com/en/find-station/MOBIL-SANDIEGO-CA-NEWKIRKSSANTAFESERVICEINC-200314544?utm_source=google&utm_medium=organic&utm_campaign=gmb","(619) 543-0633","4","104","139","false","Gas station","gas station in San Diego","https://www.google.com/maps/place/Mobil/@32.742814,-117.181323,17z/data=!3m1!4b1!4m6!3m5!1s0x80deab2e472f7e7d:0xa91579d502256868!8m2!3d32.742814!4d-117.181323!16s%2Fg%2F1thpx460?hl=en&entry=ttu"
"Exxon","9790 Miramar Rd, San Diego, CA 92126","USD","Regular","6.4","$6.40","gallon","2023-10-02T21:05:27.000Z","USD","Midgrade","6.6","$6.60","gallon","2023-10-02T15:25:05.000Z","USD","Premium","6.69","$6.69","gallon","2023-10-02T17:48:24.000Z",,,,,,,"https://www.exxon.com/en/find-station/MOBIL-SANDIEGO-CA-SGZAVAROINC-200315654?utm_source=google&utm_medium=organic&utm_campaign=gmb","(858) 536-8862","3.5","103","99","false","Gas station","gas station in San Diego","https://www.google.com/maps/place/Exxon/@32.894101,-117.1186476,17z/data=!3m1!4b1!4m6!3m5!1s0x80dbf92cf42faf4b:0x41a14186d371b5b5!8m2!3d32.894101!4d-117.1186476!16s%2Fg%2F1tqyft0c?hl=en&entry=ttu"
"Chevron","1666 First Ave., San Diego, CA 92101","USD","Regular","6.7","$6.70","gallon","2023-10-03T09:18:06.000Z","USD","Midgrade","6.9","$6.90","gallon","2023-10-03T09:15:59.000Z","USD","Premium","7","$7.00","gallon","2023-10-03T09:15:59.000Z","USD","Diesel","6.4","$6.40","gallon","2023-10-03T09:15:59.000Z","https://www.chevronwithtechron.com/station","(619) 346-5720","4","98","127","false","Gas station","gas station in San Diego","https://www.google.com/maps/place/Chevron/@32.7227343,-117.1641493,17z/data=!3m1!4b1!4m6!3m5!1s0x80d954afb0e2dcd3:0x81d467f789ebb2c3!8m2!3d32.7227343!4d-117.1641493!16s%2Fg%2F11c3p1xbdp?hl=en&entry=ttu"
"Chevron Extra Mile","6385 University Ave, San Diego, CA 92115","USD","Regular","6.5","$6.50","gallon","2023-10-02T14:54:45.000Z","USD","Midgrade","6.9","$6.90","gallon","2023-09-28T13:28:40.000Z","USD","Premium","6.8","$6.80","gallon","2023-10-02T13:12:48.000Z","USD","Diesel","6.7","$6.70","gallon","2023-09-28T13:28:40.000Z","https://www.chevronwithtechron.com/en_us/home/gas-station-near-me.html?/station/6385-UNIVERSITY-AVE-SAN-DIEGO-CA-92115-id374782","(619) 677-3381","2.9","97","18","false","Gas station","gas station in San Diego","https://www.google.com/maps/place/Chevron+Extra+Mile/@32.754289,-117.0586152,17z/data=!3m1!4b1!4m6!3m5!1s0x80d956b8d4c84feb:0xc618685856274b8d!8m2!3d32.754289!4d-117.0586152!16s%2Fg%2F11b6t2cgxn?hl=en&entry=ttu"
"Chevron","3602 El Cajon Blvd, San Diego, CA 92104","USD","Regular","6.29","$6.29","gallon","2023-10-02T15:09:07.000Z","USD","Midgrade","6.59","$6.59","gallon","2023-10-02T15:00:42.000Z","USD","Premium","6.69","$6.69","gallon","2023-10-02T08:39:09.000Z","USD","Diesel","6.4","$6.40","gallon","2023-09-29T23:18:27.000Z","http://chevronwithtechron.com/","(619) 283-0829","3.1","95","10","false","Gas station","gas station in San Diego","https://www.google.com/maps/place/Chevron/@32.7554431,-117.1155726,17z/data=!3m1!4b1!4m6!3m5!1s0x80d9545ab82d5919:0xb99ad4704c8809c1!8m2!3d32.7554431!4d-117.1155726!16s%2Fg%2F1hhx8f81y?hl=en&entry=ttu"
"Shell","2606 Clairemont Dr, San Diego, CA 92117","USD","Regular","6.7","$6.70","gallon","2023-10-03T07:10:10.000Z","USD","Midgrade","6.9","$6.90","gallon","2023-10-03T03:05:58.000Z","USD","Premium","7","$7.00","gallon","2023-10-03T03:05:58.000Z",,,,,,,"https://find.shell.com/us/fuel/10008231-2606-clairemont-dr","(619) 275-2250","2.9","96","66","false","Gas station","gas station in San Diego","https://www.google.com/maps/place/Shell/@32.7906518,-117.2029139,17z/data=!3m1!4b1!4m6!3m5!1s0x80dc0020d291dfb7:0x69aa4f07dcfe44e!8m2!3d32.7906518!4d-117.2029139!16s%2Fg%2F1xfsp0s6?hl=en&entry=ttu"
"Race Gase station","6225 Fairmount Ave, San Diego, CA 92120",,,,,,,,,,,,,,,,,,,,,,,,,,,"5","94","1","false","Gas station","gas station in San Diego","https://www.google.com/maps/place/Race+Gase+station/@32.788577,-117.1013212,17z/data=!3m1!4b1!4m6!3m5!1s0x80d955c0f4fba20f:0x78c3843bae77cee0!8m2!3d32.788577!4d-117.1013212!16s%2Fg%2F11cm3phr9s?hl=en&entry=ttu"
"Chevron","4055 University Ave, San Diego, CA 92105","USD","Regular","6.6","$6.60","gallon","2023-10-02T17:56:17.000Z","USD","Midgrade","6.8","$6.80","gallon","2023-10-02T17:56:17.000Z","USD","Premium","6.98","$6.98","gallon","2023-10-02T17:56:17.000Z",,,,,,,"https://www.chevron.com/","(619) 269-8955","3.8","93","42","false","Gas station","gas station in San Diego","https://www.google.com/maps/place/Chevron/@32.749229,-117.107797,17z/data=!3m1!4b1!4m6!3m5!1s0x80d95441ec8bc89d:0x6fd21c70148b7ffd!8m2!3d32.749229!4d-117.107797!16s%2Fg%2F1262m1kp6?hl=en&entry=ttu"
"Hazard Center Auto Mart","7698 Friars Rd, San Diego, CA 92108","USD","Regular","6","$6.00","gallon","2023-10-03T09:20:13.000Z","USD","Midgrade","6.39","$6.39","gallon","2023-10-02T20:50:29.000Z","USD","Premium","6.39","$6.39","gallon","2023-10-02T13:35:51.000Z",,,,,,,"http://www.hazardcenterautomart.com/","(619) 296-2566","4.6","90","85","false","Gas station","gas station in San Diego","https://www.google.com/maps/place/Hazard+Center+Auto+Mart/@32.7728205,-117.158064,17z/data=!3m1!4b1!4m6!3m5!1s0x80d9553951dfb181:0xdbadd7c28d89d3e3!8m2!3d32.7728205!4d-117.158064!16s%2Fg%2F1tffpmt5?hl=en&entry=ttu"
"Shell","8920 Miramar Rd, San Diego, CA 92126","USD","Regular","6.41","$6.41","gallon","2023-10-03T09:11:07.000Z","USD","Midgrade","6.6","$6.60","gallon","2023-10-03T06:16:01.000Z","USD","Premium","6.7","$6.70","gallon","2023-10-03T09:16:25.000Z","USD","Diesel","6.5","$6.50","gallon","2023-10-03T08:04:20.000Z","https://find.shell.com/us/fuel/10006274-8920-miramar-road","(858) 566-2541","3.6","83","59","false","Gas station","gas station in San Diego","https://www.google.com/maps/place/Shell/@32.894069,-117.1330502,17z/data=!3m1!4b1!4m6!3m5!1s0x80dbf8d15093f513:0xcb6a2a439247bfd3!8m2!3d32.894069!4d-117.1330502!16s%2Fg%2F1tvdk2b5?hl=en&entry=ttu"
"Chevron","3359 University Ave, San Diego, CA 92104","USD","Regular","6.4","$6.40","gallon","2023-10-02T18:35:54.000Z","USD","Midgrade","6.7","$6.70","gallon","2023-10-02T06:24:03.000Z","USD","Premium","6.88","$6.88","gallon","2023-10-02T06:24:03.000Z","USD","Diesel","6.3","$6.30","gallon","2023-10-02T06:58:00.000Z","http://chevronwithtechron.com/","(619) 563-4135","3.8","81","35","false","Gas station","gas station in San Diego","https://www.google.com/maps/place/Chevron/@32.7486065,-117.121456,17z/data=!3m1!4b1!4m6!3m5!1s0x80d9545e96fcf89f:0x54b95f5f4c2e461d!8m2!3d32.7486065!4d-117.121456!16s%2Fg%2F1tfbh__3?hl=en&entry=ttu"
"Shell","9490 Mira Mesa Blvd, San Diego, CA 92126","USD","Regular","6.39","$6.39","gallon","2023-10-03T08:57:34.000Z","USD","Midgrade","6.59","$6.59","gallon","2023-10-03T06:34:45.000Z","USD","Premium","6.69","$6.69","gallon","2023-10-03T06:08:45.000Z","USD","Diesel","6.5","$6.50","gallon","2023-10-03T04:49:44.000Z","https://find.shell.com/us/fuel/10008242-9490-mira-mesa-blvd","(858) 271-0874","4.2","79","163","false","Gas station","gas station in San Diego","https://www.google.com/maps/place/Shell/@32.917675,-117.1212201,17z/data=!3m1!4b1!4m6!3m5!1s0x80dbf8ec0463a4f3:0xdbc63a2f4e77f43!8m2!3d32.917675!4d-117.1212201!16s%2Fg%2F1hc34m2vw?hl=en&entry=ttu"
"Shell","5465 Mission Center Rd, San Diego, CA 92108","USD","Regular","6.81","$6.81","gallon","2023-10-03T08:25:54.000Z","USD","Midgrade","6.9","$6.90","gallon","2023-10-03T05:38:14.000Z","USD","Premium","7.03","$7.03","gallon","2023-10-03T06:29:38.000Z","USD","Diesel","7","$7.00","gallon","2023-10-03T07:43:44.000Z","https://find.shell.com/us/fuel/10006336-5465-mission-center-road","(619) 295-9829","3","78","109","false","Gas station","gas station in San Diego","https://www.google.com/maps/place/Shell/@32.7737942,-117.1536882,17z/data=!3m1!4b1!4m6!3m5!1s0x80d9553c2848c8cd:0xa008918c1c447954!8m2!3d32.7737942!4d-117.1536882!16s%2Fg%2F1wbf_pv7?hl=en&entry=ttu"
"Valero Gas Stations","3150 Adams Ave, San Diego, CA 92116",,,,,,,,,,,,,,,,,,,,,,,,,,,"5","77","1","false","Gas station","gas station in San Diego","https://www.google.com/maps/place/Valero+Gas+Stations/@32.7635833,-117.1263259,17z/data=!3m1!4b1!4m6!3m5!1s0x80d955ae5229d7ed:0x2ec682a7c43702e0!8m2!3d32.7635833!4d-117.1263259!16s%2Fg%2F11s8k7gmk3?hl=en&entry=ttu"
"76","4415 El Cajon Blvd, San Diego, CA 92115","USD","Regular","6.2","$6.20","gallon","2023-10-03T06:26:47.000Z","USD","Midgrade","6.4","$6.40","gallon","2023-10-02T23:40:02.000Z","USD","Premium","6.5","$6.50","gallon","2023-10-02T23:40:02.000Z",,,,,,,"https://www.76.com/station/U76-WORLD-OIL-057-0000877677?utm_source=G&utm_medium=local&utm_campaign=google-local","(619) 280-6701","3.6","76","97","false","Gas station","gas station in San Diego","https://www.google.com/maps/place/76/@32.7548753,-117.0995414,17z/data=!3m1!4b1!4m6!3m5!1s0x80d9543ed107ffed:0x6897df797353855d!8m2!3d32.7548753!4d-117.0995414!16s%2Fg%2F12640jb89?hl=en&entry=ttu"
"Chevron","2405 University Ave, San Diego, CA 92104","USD","Regular","6.49","$6.49","gallon","2023-10-03T08:25:29.000Z","USD","Midgrade","6.7","$6.70","gallon","2023-10-02T05:08:00.000Z","USD","Premium","6.9","$6.90","gallon","2023-10-02T05:08:00.000Z","USD","Diesel","6.4","$6.40","gallon","2023-10-03T06:40:11.000Z","https://www.chevronwithtechron.com/","(619) 298-8071","4","75","44","false","Gas station","gas station in San Diego","https://www.google.com/maps/place/Chevron/@32.7482244,-117.1386446,17z/data=!3m1!4b1!4m6!3m5!1s0x80d955a18d9d62ff:0xe82959388063ffae!8m2!3d32.7482244!4d-117.1386446!16s%2Fg%2F11ffvh6y9q?hl=en&entry=ttu"
"San Diego Gasoline","1574 Grand Ave, San Diego, CA 92109",,,,,,,,,,,,,,,,,,,,,,,,,,,"3.6","74","10","false","Gas station","gas station in San Diego","https://www.google.com/maps/place/San+Diego+Gasoline/@32.7981372,-117.2405794,17z/data=!3m1!4b1!4m6!3m5!1s0x80dc01c0fd86a203:0x86688542b349670f!8m2!3d32.7981372!4d-117.2405794!16s%2Fg%2F11s8wqvcsk?hl=en&entry=ttu"
"76","3010 Market St, San Diego, CA 92102","USD","Regular","6.3","$6.30","gallon","2023-10-02T18:49:09.000Z","USD","Midgrade","6.5","$6.50","gallon","2023-10-02T06:15:57.000Z","USD","Premium","6.65","$6.65","gallon","2023-09-29T14:18:25.000Z","USD","Diesel","6.4","$6.40","gallon","2023-10-01T10:40:31.000Z","https://rocketstores.com/","(619) 696-3956","4.1","73","338","false","Gas station","gas station in San Diego","https://www.google.com/maps/place/76/@32.7119,-117.13007,17z/data=!3m1!4b1!4m6!3m5!1s0x80d95379d135b569:0x84d86b36a4cd1699!8m2!3d32.7119!4d-117.13007!16s%2Fg%2F1q66_ws9w?hl=en&entry=ttu"
"ARCO","2940 Lytton St, San Diego, CA 92110","USD","Regular","6.2","$6.20","gallon","2023-10-03T06:04:40.000Z","USD","Midgrade","6.4","$6.40","gallon","2023-10-02T05:55:00.000Z","USD","Premium","6.6","$6.60","gallon","2023-09-30T16:04:41.000Z",,,,,,,"https://www.arco.com/en-us/southwest/find-a-station/","(619) 226-1553","3.7","72","321","false","Gas station","gas station in San Diego","https://www.google.com/maps/place/ARCO/@32.7443131,-117.2120139,17z/data=!3m1!4b1!4m6!3m5!1s0x80deab02795889cf:0x442741b1715cc095!8m2!3d32.7443131!4d-117.2120139!16s%2Fg%2F1q6j4tmz6?hl=en&entry=ttu"
"Chevron Extra Mile - G&M","8110 Balboa Ave, San Diego, CA 92111","USD","Regular","6.2","$6.20","gallon","2023-10-03T09:17:21.000Z","USD","Midgrade","6.5","$6.50","gallon","2023-10-03T09:15:59.000Z","USD","Premium","6.5","$6.50","gallon","2023-10-03T09:16:48.000Z","USD","Diesel","6.3","$6.30","gallon","2023-10-03T09:15:59.000Z","http://gmoc.com/",,"2.2","71","34","false","Gas station","gas station in San Diego","https://www.google.com/maps/place/Chevron+Extra+Mile+-+G%26M/@32.8223485,-117.1485066,17z/data=!3m1!4b1!4m6!3m5!1s0x80dbffbf8a5521a1:0x38549385e905ca32!8m2!3d32.8223485!4d-117.1485066!16s%2Fg%2F1hhxqnl8p?hl=en&entry=ttu"
"Chevron","8210 Camino Santa Fe, San Diego, CA 92121","USD","Regular","6.4","$6.40","gallon","2023-10-02T14:05:00.000Z","USD","Midgrade","6.6","$6.60","gallon","2023-10-02T14:05:00.000Z","USD","Premium","6.8","$6.80","gallon","2023-10-02T14:05:00.000Z","USD","Diesel","6","$6.00","gallon","2023-10-03T02:20:41.000Z","https://www.chevronwithtechron.com/station","(858) 558-3469","3.4","70","17","false","Gas station","gas station in San Diego","https://www.google.com/maps/place/Chevron/@32.8783705,-117.1731006,17z/data=!3m1!4b1!4m6!3m5!1s0x80dbff555a16b021:0x5bfb7fa25210aa01!8m2!3d32.8783705!4d-117.1731006!16s%2Fg%2F1tj89qn4?hl=en&entry=ttu"
"Vons Fuel Station","1680 Garnet Ave, San Diego, CA 92109","USD","Regular","5.9","$5.90","gallon","2023-10-03T04:48:48.000Z","USD","Midgrade","6.32","$6.32","gallon","2023-10-02T14:49:32.000Z","USD","Premium","6.54","$6.54","gallon","2023-10-02T14:49:32.000Z","USD","Diesel","6.12","$6.12","gallon","2023-10-02T14:49:32.000Z","https://local.fuel.vons.com/ca/san-diego/1680-garnet-st.html","(858) 272-5359","3.8","69","47","false","Gas station","gas station in San Diego","https://www.google.com/maps/place/Vons+Fuel+Station/@32.8005296,-117.239507,17z/data=!3m1!4b1!4m6!3m5!1s0x80dc01c0a36bbba5:0xdaaee84e2692b4b6!8m2!3d32.8005296!4d-117.239507!16s%2Fg%2F11b7lmh9p6?hl=en&entry=ttu"
"Shell","1551 Rosecrans St, San Diego, CA 92106","USD","Regular","6.2","$6.20","gallon","2023-10-03T08:11:01.000Z","USD","Midgrade","6.46","$6.46","gallon","2023-10-03T04:33:26.000Z","USD","Premium","6.72","$6.72","gallon","2023-10-02T06:06:00.000Z",,,,,,,"https://find.shell.com/us/fuel/12597075-1551-rosecrans-st","(619) 223-1164","3.7","68","56","false","Gas station","gas station in San Diego","https://www.google.com/maps/place/Shell/@32.726838,-117.2269427,17z/data=!3m1!4b1!4m6!3m5!1s0x80deaba425014029:0xee7ab097653abbd2!8m2!3d32.726838!4d-117.2269427!16s%2Fg%2F11g0mjgtz6?hl=en&entry=ttu"
"Shell","2484 F St, San Diego, CA 92102","USD","Regular","6.5","$6.50","gallon","2023-10-03T07:24:45.000Z","USD","Midgrade","6.7","$6.70","gallon","2023-10-02T12:37:44.000Z","USD","Premium","6.8","$6.80","gallon","2023-10-03T05:08:05.000Z",,,,,,,"https://find.shell.com/us/fuel/10008225-2484-f-street","(619) 232-8605","3.4","67","112","false","Gas station","gas station in San Diego","https://www.google.com/maps/place/Shell/@32.714038,-117.1405018,17z/data=!3m1!4b1!4m6!3m5!1s0x80d953649ccaadf7:0xea6769204be1f842!8m2!3d32.714038!4d-117.1405018!16s%2Fg%2F1tdc0y5c?hl=en&entry=ttu"
"Shell","330 Washington St, San Diego, CA 92103","USD","Regular","6.8","$6.80","gallon","2023-10-02T14:07:38.000Z","USD","Midgrade","7","$7.00","gallon","2023-10-02T13:28:42.000Z","USD","Premium","7.4","$7.40","gallon","2023-09-30T13:59:17.000Z",,,,,,,"https://find.shell.com/us/fuel/10008229-330-washington-street","(619) 574-0656","3.6","66","128","false","Gas station","gas station in San Diego","https://www.google.com/maps/place/Shell/@32.7501132,-117.1619829,17z/data=!3m1!4b1!4m6!3m5!1s0x80d954d0a0d7e295:0x70929d6bb2683a2c!8m2!3d32.7501132!4d-117.1619829!16s%2Fg%2F1q5bm7f40?hl=en&entry=ttu"
"Ultra Gas","3276 El Cajon Blvd, San Diego, CA 92104","USD","Regular","6.06","$6.06","gallon","2023-09-30T01:22:23.000Z","USD","Midgrade","6.2","$6.20","gallon","2023-09-26T12:35:25.000Z","USD","Premium","6.46","$6.46","gallon","2023-09-28T09:35:43.000Z",,,,,,,"https://ultra-gas-gas-station.business.site/?utm_source=gmb&utm_medium=referral","(619) 281-6300","3.7","65","55","false","Gas station","gas station in San Diego","https://www.google.com/maps/place/Ultra+Gas/@32.7555585,-117.1235434,17z/data=!3m1!4b1!4m6!3m5!1s0x80d95457780e3c53:0xcf472d83c8a4791f!8m2!3d32.7555585!4d-117.1235434!16s%2Fg%2F1tpc87nx?hl=en&entry=ttu"
"Mobil","4067 El Cajon Blvd, San Diego, CA 92105","USD","Regular","6.1","$6.10","gallon","2023-10-03T07:20:37.000Z","USD","Midgrade","6.36","$6.36","gallon","2023-10-02T05:33:16.000Z","USD","Premium","6.8","$6.80","gallon","2023-10-02T10:24:43.000Z","USD","Diesel","6.2","$6.20","gallon","2023-10-01T20:00:13.000Z","https://www.exxon.com/en/find-station/mobil-sandiego-ca-elcajonblvdgas-200326365","(619) 243-0456","4","64","113","false","Gas station","gas station in San Diego","https://www.google.com/maps/place/Mobil/@32.7548584,-117.1074734,17z/data=!3m1!4b1!4m6!3m5!1s0x80d954469496668d:0xa90ba193d5b40c1!8m2!3d32.7548584!4d-117.1074734!16s%2Fg%2F1v3h_86k?hl=en&entry=ttu"
"Tierrasanta Gas Station","10585 Tierrasanta Blvd Suite B, San Diego, CA 92124","USD","Regular","6","$6.00","gallon","2023-10-02T13:40:17.000Z","USD","Midgrade","6.2","$6.20","gallon","2023-10-02T13:05:00.000Z","USD","Premium","6.4","$6.40","gallon","2023-10-02T13:12:56.000Z",,,,,,,"https://www.tierrasantatowncentergas.com/","(858) 560-4101","3.8","63","97","false","Gas station","gas station in San Diego","https://www.google.com/maps/place/Tierrasanta+Gas+Station/@32.8227714,-117.1014502,17z/data=!3m1!4b1!4m6!3m5!1s0x80dbfe178b983c6b:0xaf184593b2fcb0dc!8m2!3d32.8227714!4d-117.1014502!16s%2Fg%2F1tdpmcj6?hl=en&entry=ttu"
"ARCO","4357 El Cajon Blvd, San Diego, CA 92105","USD","Regular","6.2","$6.20","gallon","2023-10-01T05:00:10.000Z","USD","Midgrade","6.1","$6.10","gallon","2023-09-26T01:23:50.000Z","USD","Premium","6.3","$6.30","gallon","2023-09-26T01:23:50.000Z","USD","Diesel","6.8","$6.80","gallon","2023-09-30T15:27:30.000Z","https://www.arco.com/en-us/southwest/find-a-station/","(619) 928-7200","4","62","250","false","Gas station","gas station in San Diego","https://www.google.com/maps/place/ARCO/@32.7548173,-117.100487,17z/data=!3m1!4b1!4m6!3m5!1s0x80d9543f2dc0aa33:0xb2bc11e91238ac86!8m2!3d32.7548173!4d-117.100487!16s%2Fg%2F11b6p_x369?hl=en&entry=ttu"
"ARCO","3296 El Cajon Blvd, San Diego, CA 92104","USD","Regular","6.5","$6.50","gallon","2023-10-02T13:38:28.000Z","USD","Midgrade","6.6","$6.60","gallon","2023-10-01T16:06:42.000Z","USD","Premium","6.8","$6.80","gallon","2023-10-01T16:06:42.000Z",,,,,,,"https://www.arco.com/en-us/southwest/find-a-station/","(619) 282-7024","4.1","61","162","false","Gas station","gas station in San Diego","https://www.google.com/maps/place/ARCO/@32.755565,-117.1225749,17z/data=!3m1!4b1!4m6!3m5!1s0x80d9545764355b8d:0x3b27b89a74ffdbb7!8m2!3d32.755565!4d-117.1225749!16s%2Fg%2F1vv2sjg0?hl=en&entry=ttu"
"Fast Fuel Car Care Center","4505 Clairemont Mesa Blvd, San Diego, CA 92117","USD","Regular","5.88","$5.88","gallon","2023-10-03T08:26:12.000Z","USD","Midgrade","5.98","$5.98","gallon","2023-10-03T08:26:12.000Z","USD","Premium","6.08","$6.08","gallon","2023-10-03T08:26:12.000Z","USD","Diesel","6.4","$6.40","gallon","2023-10-02T21:43:02.000Z",,"(858) 490-0228","4.3","59","196","false","Gas station","gas station in San Diego","https://www.google.com/maps/place/Fast+Fuel+Car+Care+Center/@32.8342681,-117.1943564,17z/data=!3m1!4b1!4m6!3m5!1s0x80dc008af76d25c3:0xfd71c1967e1aee83!8m2!3d32.8342681!4d-117.1943564!16s%2Fg%2F11bvt9hm3g?hl=en&entry=ttu"
"ARCO","4333 Home Ave, San Diego, CA 92105","USD","Regular","6.3","$6.30","gallon","2023-10-03T05:16:48.000Z","USD","Midgrade","6.4","$6.40","gallon","2023-09-29T05:04:39.000Z","USD","Premium","6.7","$6.70","gallon","2023-10-02T05:53:04.000Z","USD","Diesel","6.2","$6.20","gallon","2023-10-02T04:48:31.000Z","https://www.arco.com/en-us/southwest/find-a-station/","(619) 527-4834","4.1","58","282","false","Gas station","gas station in San Diego","https://www.google.com/maps/place/ARCO/@32.7269498,-117.1015005,17z/data=!3m1!4b1!4m6!3m5!1s0x80d953f53c07452d:0xca2ceab43635c388!8m2!3d32.7269498!4d-117.1015005!16s%2Fg%2F1z44xyzxc?hl=en&entry=ttu"
"ARCO","1817 Euclid Ave, San Diego, CA 92105","USD","Regular","6.1","$6.10","gallon","2023-10-02T12:51:58.000Z","USD","Midgrade","6.3","$6.30","gallon","2023-09-28T19:25:33.000Z","USD","Premium","6.5","$6.50","gallon","2023-09-28T19:25:33.000Z","USD","Diesel","6","$6.00","gallon","2023-10-01T03:43:44.000Z","https://www.arco.com/en-us/southwest/find-a-station/","(619) 263-7154","3.9","57","168","false","Gas station","gas station in San Diego","https://www.google.com/maps/place/ARCO/@32.7245094,-117.0847217,17z/data=!3m1!4b1!4m6!3m5!1s0x80d953fc85b7a5ed:0x56f9d6fe82435e21!8m2!3d32.7245094!4d-117.0847217!16s%2Fg%2F1z44zmzz2?hl=en&entry=ttu"
"United Oil","3927 El Cajon Blvd, San Diego, CA 92105",,,,,,,,,,,,,,,,,,,,,,,,,"https://rocketstores.com/","(619) 584-4346","3.9","56","188","false","Gas station","gas station in San Diego","https://www.google.com/maps/place/United+Oil/@32.7548391,-117.1098923,17z/data=!3m1!4b1!4m6!3m5!1s0x80d954443001ef73:0x5a4ddfab10f5e6e6!8m2!3d32.7548391!4d-117.1098923!16s%2Fg%2F11bz_1whnw?hl=en&entry=ttu"
"Chevron","6301 Del Cerro Blvd, San Diego, CA 92120","USD","Regular","6.6","$6.60","gallon","2023-10-03T08:46:28.000Z","USD","Midgrade","6.8","$6.80","gallon","2023-10-02T12:24:12.000Z","USD","Premium","6.7","$6.70","gallon","2023-10-02T20:35:40.000Z","USD","Diesel","6.3","$6.30","gallon","2023-09-29T18:01:19.000Z","https://www.chevron.com/","(619) 583-1122","3.1","55","26","false","Gas station","gas station in San Diego","https://www.google.com/maps/place/Chevron/@32.7831325,-117.0615232,17z/data=!3m1!4b1!4m6!3m5!1s0x80d95661625bab31:0xd1e37badb9247501!8m2!3d32.7831325!4d-117.0615232!16s%2Fg%2F1thlzr02?hl=en&entry=ttu"
"Shell","4405 Home Ave, San Diego, CA 92105","USD","Regular","6.4","$6.40","gallon","2023-10-03T08:35:15.000Z","USD","Midgrade","6.65","$6.65","gallon","2023-10-02T16:19:34.000Z","USD","Premium","6.85","$6.85","gallon","2023-10-03T09:04:58.000Z","USD","Diesel","6.3","$6.30","gallon","2023-10-02T11:10:51.000Z","https://find.shell.com/us/fuel/12622527-4405-home-ave/en_US","(619) 219-1990","4","53","213","false","Gas station","gas station in San Diego","https://www.google.com/maps/place/Shell/@32.7287405,-117.0991913,17z/data=!3m1!4b1!4m6!3m5!1s0x80d953763f4d3bd5:0xeb129df23ba4cbcf!8m2!3d32.7287405!4d-117.0991913!16s%2Fg%2F1tj2nrh4?hl=en&entry=ttu"
"Miramar Gas Station","San Diego, CA 92145",,,,,,,,,,,,,,,,,,,,,,,,,,"(858) 695-7300","4.5","54","87","false","Gas station","gas station in San Diego","https://www.google.com/maps/place/Miramar+Gas+Station/@32.8835695,-117.1196184,17z/data=!3m1!4b1!4m6!3m5!1s0x80dbfed0d8fa8061:0x83d58dc733986d3!8m2!3d32.8835695!4d-117.1196184!16s%2Fg%2F11dym1gg2d?hl=en&entry=ttu"
"76","3252 University Ave, San Diego, CA 92104","USD","Regular","6.35","$6.35","gallon","2023-10-02T14:21:16.000Z","USD","Midgrade","6.55","$6.55","gallon","2023-09-29T09:23:52.000Z","USD","Premium","6.7","$6.70","gallon","2023-09-29T18:07:36.000Z","USD","Diesel","6.3","$6.30","gallon","2023-09-29T09:23:52.000Z","https://rocketstores.com/","(619) 280-4004","3.9","52","86","false","Gas station","gas station in San Diego","https://www.google.com/maps/place/76/@32.74894,-117.1237,17z/data=!3m1!4b1!4m6!3m5!1s0x80d9545f27d58799:0xd4927dd551701052!8m2!3d32.74894!4d-117.1237!16s%2Fg%2F11bw1zybmy?hl=en&entry=ttu"
"Valero","1083 Morena Blvd, San Diego, CA 92110","USD","Regular","6.3","$6.30","gallon","2023-09-29T20:16:21.000Z","USD","Midgrade","6.55","$6.55","gallon","2023-10-02T17:02:36.000Z","USD","Premium","6.75","$6.75","gallon","2023-10-02T13:05:00.000Z","USD","Diesel","6.8","$6.80","gallon","2023-09-29T20:16:21.000Z","http://www.valero.com/","(210) 345-2000","4.1","51","236","false","Gas station","gas station in San Diego","https://www.google.com/maps/place/Valero/@32.7682526,-117.1994217,17z/data=!3m1!4b1!4m6!3m5!1s0x80deaaead3022f2b:0x743ab41b4c7807ff!8m2!3d32.7682526!4d-117.1994217!16s%2Fg%2F11c529w2x6?hl=en&entry=ttu"
"Mobil","8380 Clairemont Mesa Blvd, San Diego, CA 92111","USD","Regular","6.48","$6.48","gallon","2023-10-03T09:07:20.000Z","USD","Midgrade","6.7","$6.70","gallon","2023-10-02T13:56:10.000Z","USD","Premium","6.9","$6.90","gallon","2023-10-02T10:56:17.000Z","USD","Diesel","6.58","$6.58","gallon","2023-09-28T11:54:37.000Z","https://www.exxon.com/en/find-station/MOBIL-SANDIEGO-CA-FASTPUMPEROILCORPORATION-200311953?utm_source=google&utm_medium=organic&utm_campaign=gmb","(858) 279-9343","2","50","19","false","Gas station","gas station in San Diego","https://www.google.com/maps/place/Mobil/@32.8332143,-117.1439746,17z/data=!3m1!4b1!4m6!3m5!1s0x80dbffbb57b271a9:0x62ee72fd6fff0267!8m2!3d32.8332143!4d-117.1439746!16s%2Fg%2F1th5jrpk?hl=en&entry=ttu"
"Shell","1330 Morena Blvd, San Diego, CA 92110","USD","Regular","6.3","$6.30","gallon","2023-10-03T09:09:20.000Z","USD","Midgrade","6.5","$6.50","gallon","2023-10-03T08:22:32.000Z","USD","Premium","6.6","$6.60","gallon","2023-10-03T08:50:35.000Z",,,,,,,"https://find.shell.com/us/fuel/10008233-1330-morena-blvd","(619) 276-3663","3.5","49","63","false","Gas station","gas station in San Diego","https://www.google.com/maps/place/Shell/@32.7721781,-117.2028158,17z/data=!3m1!4b1!4m6!3m5!1s0x80deaa940903991b:0xd4d7cf86899e52b7!8m2!3d32.7721781!4d-117.2028158!16s%2Fg%2F1vgw8y8t?hl=en&entry=ttu"
"J & R Gas and Mini Mart","505 S 30th St, San Diego, CA 92113","USD","Regular","6","$6.00","gallon","2023-10-03T06:25:07.000Z","USD","Midgrade","6.2","$6.20","gallon","2023-10-03T04:07:56.000Z","USD","Premium","6.3","$6.30","gallon","2023-10-03T04:07:56.000Z",,,,,,,,"(619) 239-4550","3.2","48","21","false","Gas station","gas station in San Diego","https://www.google.com/maps/place/J+%26+R+Gas+and+Mini+Mart/@32.7008567,-117.1293185,17z/data=!3m1!4b1!4m6!3m5!1s0x80d9530b29f7d88b:0x14af6a25f670fcc2!8m2!3d32.7008567!4d-117.1293185!16s%2Fg%2F1td9wdmg?hl=en&entry=ttu"
"United","235 S 47th St, San Diego, CA 92113","USD","Regular","5.9","$5.90","gallon","2023-10-02T12:01:09.000Z","USD","Midgrade","6.2","$6.20","gallon","2023-10-01T10:06:31.000Z","USD","Premium","6.4","$6.40","gallon","2023-10-01T10:06:31.000Z",,,,,,,"https://rocketstores.com/","(619) 264-9589","4","47","287","false","Gas station","gas station in San Diego","https://www.google.com/maps/place/United/@32.702602,-117.09331,17z/data=!3m1!4b1!4m6!3m5!1s0x80d953c4f1984585:0x386c7c75205a5ff6!8m2!3d32.702602!4d-117.09331!16s%2Fg%2F1tgz5s88?hl=en&entry=ttu"
"Ralphs Fuel Center","1704 Rosecrans St, San Diego, CA 92106",,,,,,,,,,,,,,,,,,,,,,,,,"https://www.ralphs.com/d/fuel-points-program?cid=loc_70300212_gmb","(619) 819-6040","4.1","46","142","false","Gas station","gas station in San Diego","https://www.google.com/maps/place/Ralphs+Fuel+Center/@32.7285218,-117.2263473,17z/data=!3m1!4b1!4m6!3m5!1s0x80deaba6707f5bbd:0xb75a8868943ecbc0!8m2!3d32.7285218!4d-117.2263473!16s%2Fg%2F11ckq2q5_7?hl=en&entry=ttu"
"Chevron","8505 Costa Verde Blvd, San Diego, CA 92122","USD","Regular","6.46","$6.46","gallon","2023-10-03T09:18:31.000Z","USD","Midgrade","6.65","$6.65","gallon","2023-10-03T06:43:57.000Z","USD","Premium","6.84","$6.84","gallon","2023-10-03T08:11:33.000Z",,,,,,,"https://www.chevronwithtechron.com/station","(858) 587-4844","3.4","45","44","false","Gas station","gas station in San Diego","https://www.google.com/maps/place/Chevron/@32.8670128,-117.2158454,17z/data=!3m1!4b1!4m6!3m5!1s0x80dc00d4f3850139:0x6a4864fc6ea4656d!8m2!3d32.8670128!4d-117.2158454!16s%2Fg%2F1ptz5xpq2?hl=en&entry=ttu"
"ARCO","3770 Murphy Canyon Rd, San Diego, CA 92123","USD","Regular","6.6","$6.60","gallon","2023-10-02T15:52:53.000Z","USD","Midgrade","6.8","$6.80","gallon","2023-09-29T14:46:36.000Z","USD","Premium","7","$7.00","gallon","2023-10-02T14:13:00.000Z",,,,,,,"https://www.arco.com/en-us/southwest/find-a-station/","(858) 278-7442","3.9","44","214","false","Gas station","gas station in San Diego","https://www.google.com/maps/place/ARCO/@32.8104788,-117.1174902,17z/data=!3m1!4b1!4m6!3m5!1s0x80dbfe2839deffe7:0x685a67be60b290fa!8m2!3d32.8104788!4d-117.1174902!16s%2Fg%2F1q6h_d9xr?hl=en&entry=ttu"
"Valero","3377 Sandrock Rd, San Diego, CA 92123","USD","Regular","6.2","$6.20","gallon","2023-10-03T06:01:44.000Z","USD","Midgrade","6.3","$6.30","gallon","2023-10-03T06:01:44.000Z","USD","Premium","6.5","$6.50","gallon","2023-10-03T06:01:44.000Z","USD","Diesel","6.1","$6.10","gallon","2023-10-03T06:40:52.000Z","https://www.valero.com/","(210) 345-2000","4.2","43","167","false","Gas station","gas station in San Diego","https://www.google.com/maps/place/Valero/@32.8042076,-117.1396654,17z/data=!3m1!4b1!4m6!3m5!1s0x80dbffd86d20bbbd:0x595a8b132f13a9fd!8m2!3d32.8042076!4d-117.1396654!16s%2Fg%2F11c1sk14b1?hl=en&entry=ttu"
"Costco Gas Station","2345 Fenton Pkwy, San Diego, CA 92108",,,,,,,,,,,,,,,,,,,,,,,,,"https://www.costco.com/warehouse-locations/san-diego-ca-488.html","(619) 358-4000","4.3","42","270","false","Gas station","gas station in San Diego","https://www.google.com/maps/place/Costco+Gas+Station/@32.7829146,-117.1273859,17z/data=!3m1!4b1!4m6!3m5!1s0x80d9550a56df9d07:0x761822c091d361d5!8m2!3d32.7829146!4d-117.1273859!16s%2Fg%2F11bw1zh9q7?hl=en&entry=ttu"
"ARCO","2340 El Cajon Blvd, San Diego, CA 92104","USD","Regular","6.5","$6.50","gallon","2023-10-03T03:03:59.000Z","USD","Midgrade","6.6","$6.60","gallon","2023-09-28T09:23:17.000Z","USD","Premium","6.9","$6.90","gallon","2023-10-02T01:29:51.000Z",,,,,,,"https://www.arco.com/en-us/southwest/find-a-station/","(619) 295-2443","3.9","41","225","false","Gas station","gas station in San Diego","https://www.google.com/maps/place/ARCO/@32.7556977,-117.1390373,17z/data=!3m1!4b1!4m6!3m5!1s0x80d954e4ba1c8199:0xdb9c5bda0941f142!8m2!3d32.7556977!4d-117.1390373!16s%2Fg%2F1q6j93h9z?hl=en&entry=ttu"
"76","3154 El Cajon Blvd, San Diego, CA 92104","USD","Regular","6.4","$6.40","gallon","2023-10-02T15:09:32.000Z","USD","Midgrade","6.6","$6.60","gallon","2023-10-01T17:16:41.000Z","USD","Premium","6.8","$6.80","gallon","2023-10-01T12:23:37.000Z","USD","Diesel","6.7","$6.70","gallon","2023-10-02T10:05:00.000Z","https://www.76.com/station/U76-NORTH-PARK-76-0000860142?utm_source=G&utm_medium=local&utm_campaign=google-local","(619) 283-6241","4","40","200","false","Gas station","gas station in San Diego","https://www.google.com/maps/place/76/@32.7557407,-117.1260908,17z/data=!3m1!4b1!4m6!3m5!1s0x80d95457ddd44593:0x828a552bba2f6fc0!8m2!3d32.7557407!4d-117.1260908!16s%2Fg%2F1tfgppf9?hl=en&entry=ttu"
"Mobil","2045 Pacific Hwy, San Diego, CA 92101",,,,,,,,,,,,,,,,,,,,,,,,,"https://www.exxon.com/en/find-station/MOBIL-SANDIEGO-CA-BODYBEAUTIFULCARWASHINC-200310015?utm_source=google&utm_medium=organic&utm_campaign=gmb","(619) 544-7070","3.7","39","259","false","Gas station","gas station in San Diego","https://www.google.com/maps/place/Mobil/@32.7251043,-117.1714538,17z/data=!3m1!4b1!4m6!3m5!1s0x80d954b2e36193bf:0xadfbedef4c8ab3a5!8m2!3d32.7251043!4d-117.1714538!16s%2Fg%2F1tdvdw98?hl=en&entry=ttu"
"Petromerica","1548 F St, San Diego, CA 92101","USD","Regular","6.1","$6.10","gallon","2023-10-02T21:22:39.000Z","USD","Midgrade","6.3","$6.30","gallon","2023-10-02T14:29:04.000Z","USD","Premium","6.4","$6.40","gallon","2023-10-02T14:29:04.000Z",,,,,,,,"(619) 235-8751","3.7","38","44","false","Gas station","gas station in San Diego","https://www.google.com/maps/place/Petromerica/@32.7140246,-117.1498358,17z/data=!3m1!4b1!4m6!3m5!1s0x80d953609d0ae257:0x746e5ffcf42523f3!8m2!3d32.7140246!4d-117.1498358!16s%2Fg%2F1tgk0y37?hl=en&entry=ttu"
"Chevron","6949 Linda Vista Rd, San Diego, CA 92111","USD","Regular","6.3","$6.30","gallon","2023-10-03T09:15:59.000Z","USD","Midgrade","6.5","$6.50","gallon","2023-10-03T09:15:59.000Z","USD","Premium","6.6","$6.60","gallon","2023-10-03T09:15:59.000Z","USD","Diesel","6.3","$6.30","gallon","2023-10-03T09:15:59.000Z","https://www.chevron.com/","(858) 740-7608","2.8","34","15","false","Gas station","gas station in San Diego","https://www.google.com/maps/place/Chevron/@32.7861031,-117.1701442,17z/data=!3m1!4b1!4m6!3m5!1s0x80d95552633136eb:0x68e81b502c77b30b!8m2!3d32.7861031!4d-117.1701442!16s%2Fg%2F1hhx1sdh7?hl=en&entry=ttu"
"ARCO","1619 G St, San Diego, CA 92101","USD","Regular","6.8","$6.80","gallon","2023-10-02T15:37:31.000Z","USD","Midgrade","7","$7.00","gallon","2023-10-02T14:30:10.000Z","USD","Premium","7.1","$7.10","gallon","2023-10-02T14:30:10.000Z",,,,,,,"https://www.arco.com/en-us/southwest/find-a-station/","(619) 235-6742","3.8","33","215","false","Gas station","gas station in San Diego","https://www.google.com/maps/place/ARCO/@32.712416,-117.1490845,17z/data=!3m1!4b1!4m6!3m5!1s0x80d953674c67c0c3:0xf854f2a7b9530c31!8m2!3d32.712416!4d-117.1490845!16s%2Fg%2F11b66l1d8v?hl=en&entry=ttu"
"Shell","3150 Adams Ave, San Diego, CA 92116","USD","Regular","6.4","$6.40","gallon","2023-10-02T23:41:04.000Z","USD","Midgrade","6.65","$6.65","gallon","2023-10-01T12:56:18.000Z","USD","Premium","6.85","$6.85","gallon","2023-10-02T23:41:04.000Z",,,,,,,"https://find.shell.com/us/fuel/12622529-3150-adams-ave/en_US","(619) 326-8768","4.1","32","84","false","Gas station","gas station in San Diego","https://www.google.com/maps/place/Shell/@32.76358,-117.1263081,17z/data=!3m1!4b1!4m6!3m5!1s0x80d95511cdb01b59:0x9c8b8e95f5067c23!8m2!3d32.76358!4d-117.1263081!16s%2Fg%2F11gh_fm55p?hl=en&entry=ttu"
"Chevron San Diego","4180 Park Blvd, San Diego, CA 92103","USD","Regular","6.4","$6.40","gallon","2023-10-03T04:35:14.000Z","USD","Midgrade","6.6","$6.60","gallon","2023-10-02T14:06:00.000Z","USD","Premium","6.8","$6.80","gallon","2023-10-02T14:06:00.000Z","USD","Diesel","6.3","$6.30","gallon","2023-10-02T14:06:00.000Z","https://www.chevronwithtechron.com/en_us/home/find-a-station.html","(619) 260-1209","3.4","31","40","false","Gas station","gas station in San Diego","https://www.google.com/maps/place/Chevron+San+Diego/@32.7541744,-117.1466759,17z/data=!3m1!4b1!4m6!3m5!1s0x80d954e6d0b65a39:0x5328a6105d446ac!8m2!3d32.7541744!4d-117.1466759!16s%2Fg%2F113hnd0my?hl=en&entry=ttu"
"Food Mart & Gas","915 Camino del Rio S, San Diego, CA 92108",,,,,,,,,,,,,,,,,,,,,,,,,,,"4","30","91","false","Gas station","gas station in San Diego","https://www.google.com/maps/place/Food+Mart+%26+Gas/@32.7639469,-117.1552187,17z/data=!3m1!4b1!4m6!3m5!1s0x80d955a390123841:0x3092b6c99391e1df!8m2!3d32.7639469!4d-117.1552187!16s%2Fg%2F11h7sntmmx?hl=en&entry=ttu"
"ARCO","3860 Old Town Ave, San Diego, CA 92110","USD","Regular","6.2","$6.20","gallon","2023-10-02T10:09:00.000Z","USD","Midgrade","6.4","$6.40","gallon","2023-10-01T14:03:59.000Z","USD","Premium","6.5","$6.50","gallon","2023-10-01T14:03:59.000Z","USD","Diesel","7.1","$7.10","gallon","2023-10-02T03:36:28.000Z","https://www.arco.com/en-us/southwest/find-a-station/","(619) 291-1947","3.7","29","339","false","Gas station","gas station in San Diego","https://www.google.com/maps/place/ARCO/@32.7484734,-117.1932252,17z/data=!3m1!4b1!4m6!3m5!1s0x80deab209ab93013:0xf97cb32477354d01!8m2!3d32.7484734!4d-117.1932252!16s%2Fg%2F12608x6gr?hl=en&entry=ttu"
"Speedway","833 Turquoise St, San Diego, CA 92109","USD","Regular","6.19","$6.19","gallon","2023-10-03T08:23:04.000Z","USD","Midgrade","6.4","$6.40","gallon","2023-10-02T14:52:22.000Z","USD","Premium","6.5","$6.50","gallon","2023-10-02T14:52:22.000Z",,,,,,,"https://www.speedway.com/locations/CA/San-Diego/833-TURQUOISE-ST","(858) 488-4215","4.1","28","20","false","Gas station","gas station in San Diego","https://www.google.com/maps/place/Speedway/@32.8084527,-117.2587554,17z/data=!3m1!4b1!4m6!3m5!1s0x80dc01075cc9e135:0xaeae55e526437c5c!8m2!3d32.8084527!4d-117.2587554!16s%2Fg%2F11jk_1ldsx?hl=en&entry=ttu"
"Chevron","1575 Garnet Ave, San Diego, CA 92109","USD","Regular","5.9","$5.90","gallon","2023-10-03T08:05:03.000Z","USD","Midgrade","6.4","$6.40","gallon","2023-10-02T14:51:14.000Z","USD","Premium","6.3","$6.30","gallon","2023-10-03T08:55:10.000Z",,,,,,,"https://www.chevronwithtechron.com/station/1575-Garnet-Ave-San-Diego-CA-92109-id94913","(858) 273-6621","3.9","27","84","false","Gas station","gas station in San Diego","https://www.google.com/maps/place/Chevron/@32.799453,-117.241073,17z/data=!3m1!4b1!4m6!3m5!1s0x80dc01c08a16503b:0x8302f1dab9487f0e!8m2!3d32.799453!4d-117.241073!16s%2Fg%2F1tfvhhr5?hl=en&entry=ttu"
"Chevron","1832 W Washington St, San Diego, CA 92103","USD","Regular","6.3","$6.30","gallon","2023-10-03T09:15:59.000Z","USD","Midgrade","6.5","$6.50","gallon","2023-10-03T09:51:14.000Z","USD","Premium","6.6","$6.60","gallon","2023-10-03T09:51:14.000Z","USD","Diesel","6.3","$6.30","gallon","2023-10-03T09:15:59.000Z","https://www.chevronwithtechron.com/station/1832-W-Washington-St-San-Diego-CA-92103-id90519",,"3.8","26","156","false","Gas station","gas station in San Diego","https://www.google.com/maps/place/Chevron/@32.7431442,-117.1819223,17z/data=!3m1!4b1!4m6!3m5!1s0x80deab2e45c9c913:0xa89348ceb883d459!8m2!3d32.7431442!4d-117.1819223!16s%2Fg%2F1v_nctq7?hl=en&entry=ttu"
"Shell","3711 Camino del Rio W, San Diego, CA 92110","USD","Regular","6.36","$6.36","gallon","2023-10-03T09:07:51.000Z","USD","Midgrade","6.78","$6.78","gallon","2023-10-03T06:27:23.000Z","USD","Premium","6.98","$6.98","gallon","2023-10-03T07:25:46.000Z","USD","Diesel","6.36","$6.36","gallon","2023-10-03T07:34:15.000Z","https://find.shell.com/us/fuel/10006097-3711-camino-del-rio-w/en_US","(619) 298-9523","2.7","25","64","false","Gas station","gas station in San Diego","https://www.google.com/maps/place/Shell/@32.7543194,-117.2047217,17z/data=!3m1!4b1!4m6!3m5!1s0x80deaae5b34553ad:0xd136f49d5da7ab2!8m2!3d32.7543194!4d-117.2047217!16s%2Fg%2F1tglz8_4?hl=en&entry=ttu"
"Bay Park Fuel","1550 Morena Blvd, San Diego, CA 92110","USD","Regular","6.08","$6.08","gallon","2023-10-03T11:48:00.000Z","USD","Midgrade","6.28","$6.28","gallon","2023-10-03T08:23:57.000Z","USD","Premium","6.48","$6.48","gallon","2023-10-02T14:51:43.000Z","USD","Diesel","6.7","$6.70","gallon","2023-10-03T08:23:57.000Z",,"(619) 275-0777","3.5","24","152","false","Gas station","gas station in San Diego","https://www.google.com/maps/place/Bay+Park+Fuel/@32.7746014,-117.2064149,17z/data=!3m1!4b1!4m6!3m5!1s0x80deaa91acc49dab:0xc30ea24ec426a2fe!8m2!3d32.7746014!4d-117.2064149!16s%2Fg%2F1q6j20jdb?hl=en&entry=ttu"
"76","2305 Sunset Cliffs Blvd, San Diego, CA 92107","USD","Regular","6.25","$6.25","gallon","2023-10-03T08:25:48.000Z","USD","Midgrade","6.45","$6.45","gallon","2023-10-03T08:25:48.000Z","USD","Premium","6.6","$6.60","gallon","2023-10-03T08:25:48.000Z",,,,,,,"https://rocketstores.com/","(619) 224-1477","4.2","23","144","false","Gas station","gas station in San Diego","https://www.google.com/maps/place/76/@32.75113,-117.24171,17z/data=!3m1!4b1!4m6!3m5!1s0x80deaa47042df9ad:0xfb2f920efc6e7f33!8m2!3d32.75113!4d-117.24171!16s%2Fg%2F11bw21rfk1?hl=en&entry=ttu"
"Shell","3901 Governor Dr, San Diego, CA 92122","USD","Regular","6.3","$6.30","gallon","2023-10-03T08:28:07.000Z","USD","Midgrade","6.5","$6.50","gallon","2023-10-03T08:28:07.000Z","USD","Premium","6.66","$6.66","gallon","2023-10-03T08:28:07.000Z",,,,,,,"https://find.shell.com/us/fuel/10087441-3901-governor-dr","(858) 453-0676","3.3","22","44","false","Gas station","gas station in San Diego","https://www.google.com/maps/place/Shell/@32.854389,-117.204065,17z/data=!3m1!4b1!4m6!3m5!1s0x80dc00c3c5e83c91:0x79f3023e3d9dff45!8m2!3d32.854389!4d-117.204065!16s%2Fg%2F11c3p222b8?hl=en&entry=ttu"
"ARCO","5401 University Ave, San Diego, CA 92105",,,,,,,,,,,,,,,,,,,,,,,,,"https://www.arco.com/en-us/southwest/find-a-station/","(619) 669-5050","3.9","21","167","false","Gas station","gas station in San Diego","https://www.google.com/maps/place/ARCO/@32.748339,-117.07897,17z/data=!3m1!4b1!4m6!3m5!1s0x80d956a75e682493:0xabcad45d2de5fda7!8m2!3d32.748339!4d-117.07897!16s%2Fg%2F1q6kk896r?hl=en&entry=ttu"
"Chevron","3502 National Ave, San Diego, CA 92113","USD","Regular","6.7","$6.70","gallon","2023-10-03T09:18:44.000Z","USD","Midgrade","6.9","$6.90","gallon","2023-10-03T09:18:44.000Z","USD","Premium","7","$7.00","gallon","2023-10-03T09:18:44.000Z",,,,,,,"https://www.chevronwithtechron.com/station/3502-National-Avenue-San-Diego-CA-92113-id301941",,"2.6","20","19","false","Gas station","gas station in San Diego","https://www.google.com/maps/place/Chevron/@32.6962742,-117.1186346,17z/data=!3m1!4b1!4m6!3m5!1s0x80d953a44e8f40e3:0xd21ce88ad25a143a!8m2!3d32.6962742!4d-117.1186346!16s%2Fg%2F1vnnjpkm?hl=en&entry=ttu"
"Good Point Gasoline","1076 Rosecrans St, San Diego, CA 92106","USD","Regular","6.24","$6.24","gallon","2023-10-02T16:53:30.000Z","USD","Midgrade","6.5","$6.50","gallon","2023-09-30T14:11:28.000Z","USD","Premium","6.72","$6.72","gallon","2023-09-27T22:00:00.000Z",,,,,,,"https://www.goodpointgas.com/","(619) 224-2578","4.2","19","32","false","Gas station","gas station in San Diego","https://www.google.com/maps/place/Good+Point+Gasoline/@32.7214413,-117.2323265,17z/data=!3m1!4b1!4m6!3m5!1s0x80deaba2d4d50949:0x88306447537f2b4b!8m2!3d32.7214413!4d-117.2323265!16s%2Fg%2F11bvt9kf6_?hl=en&entry=ttu"
"Shell","5970 Santo Rd, San Diego, CA 92124","USD","Regular","6.3","$6.30","gallon","2023-10-03T08:13:06.000Z","USD","Midgrade","6.55","$6.55","gallon","2023-10-03T08:20:57.000Z","USD","Premium","6.85","$6.85","gallon","2023-10-02T07:48:19.000Z",,,,,,,"https://find.shell.com/us/fuel/12622528-5970-santo-rd/en_US","(858) 987-0473","3.8","18","127","false","Gas station","gas station in San Diego","https://www.google.com/maps/place/Shell/@32.8396651,-117.0980534,17z/data=!3m1!4b1!4m6!3m5!1s0x80dbffde0334ab23:0xf66a50e8687f950!8m2!3d32.8396651!4d-117.0980534!16s%2Fg%2F11btx01f_l?hl=en&entry=ttu"
"ARCO","9320 Mira Mesa Blvd, San Diego, CA 92126","USD","Regular","6.1","$6.10","gallon","2023-10-03T08:57:42.000Z","USD","Midgrade","6.3","$6.30","gallon","2023-10-02T10:26:22.000Z","USD","Premium","6.4","$6.40","gallon","2023-10-02T05:08:00.000Z","USD","Diesel","6.2","$6.20","gallon","2023-10-02T05:08:00.000Z","https://www.arco.com/en-us/southwest/find-a-station/","(858) 566-1944","3.9","17","225","false","Gas station","gas station in San Diego","https://www.google.com/maps/place/ARCO/@32.9176457,-117.1246403,17z/data=!3m1!4b1!4m6!3m5!1s0x80dbf91dc43d620b:0xa3c20d8765a73245!8m2!3d32.9176457!4d-117.1246403!16s%2Fg%2F1z44zn389?hl=en&entry=ttu"
"ARCO","7731 Balboa Ave, San Diego, CA 92111",,,,,,,,,,,,,,,,,,,,,,,,,"https://www.arco.com/en-us/southwest/find-a-station/","(858) 737-4603","4","16","202","false","Gas station","gas station in San Diego","https://www.google.com/maps/place/ARCO/@32.8214521,-117.1573386,17z/data=!3m1!4b1!4m6!3m5!1s0x80dbff93697c30c9:0xd981334c0e05606a!8m2!3d32.8214521!4d-117.1573386!16s%2Fg%2F1tf367gz?hl=en&entry=ttu"
"Chevron","2290 Camino Del Rio N, San Diego, CA 92108","USD","Regular","6.8","$6.80","gallon","2023-10-03T05:23:44.000Z","USD","Midgrade","6.9","$6.90","gallon","2023-10-02T20:10:21.000Z","USD","Premium","7","$7.00","gallon","2023-10-02T05:35:03.000Z",,,,,,,"http://www.chevron.com/","(619) 299-1930","2.4","15","41","false","Gas station","gas station in San Diego","https://www.google.com/maps/place/Chevron/@32.771488,-117.1407478,17z/data=!3m1!4b1!4m6!3m5!1s0x80d9551a8178fced:0x36da543fba18d98e!8m2!3d32.771488!4d-117.1407478!16s%2Fg%2F1wg5y90t?hl=en&entry=ttu"
"Chevron","7737 Balboa Ave, San Diego, CA 92111","USD","Regular","6.3","$6.30","gallon","2023-10-03T09:15:59.000Z","USD","Midgrade","6.5","$6.50","gallon","2023-10-03T09:15:59.000Z","USD","Premium","6.6","$6.60","gallon","2023-10-03T09:15:59.000Z","USD","Diesel","6.3","$6.30","gallon","2023-10-03T09:15:59.000Z","https://www.chevronwithtechron.com/station/","(858) 576-0457","3.4","14","17","false","Gas station","gas station in San Diego","https://www.google.com/maps/place/Chevron/@32.8214141,-117.1564582,17z/data=!3m1!4b1!4m6!3m5!1s0x80dbff935cf554dd:0xd5b72ca25fd696b4!8m2!3d32.8214141!4d-117.1564582!16s%2Fg%2F1hhx1vnn8?hl=en&entry=ttu"
"Chevron ExtraMileSan Diego","3690 Murphy Canyon Rd, San Diego, CA 92123","USD","Regular","6.1","$6.10","gallon","2023-10-03T09:19:23.000Z","USD","Midgrade","6.7","$6.70","gallon","2023-10-02T04:51:16.000Z","USD","Premium","6.8","$6.80","gallon","2023-10-02T01:06:14.000Z","USD","Diesel","6.3","$6.30","gallon","2023-10-02T06:26:22.000Z","http://www.chevronwithtechron.com/stations/station-finder.aspx","(858) 874-3119","3.3","13","22","false","Gas station","gas station in San Diego","https://www.google.com/maps/place/Chevron+ExtraMileSan+Diego/@32.8086106,-117.116586,17z/data=!3m1!4b1!4m6!3m5!1s0x80d955878bc08a57:0x19d02837ccea60ed!8m2!3d32.8086106!4d-117.116586!16s%2Fg%2F1tsr3hch?hl=en&entry=ttu"
"Shell","2075 Balboa Ave, San Diego, CA 92109","USD","Regular","6","$6.00","gallon","2023-10-03T06:42:05.000Z","USD","Midgrade","6.4","$6.40","gallon","2023-10-02T14:48:06.000Z","USD","Premium","6.3","$6.30","gallon","2023-10-03T08:37:36.000Z",,,,,,,"https://find.shell.com/us/fuel/10008235-2075-balboa-avenue","(858) 272-2844","4.1","12","156","false","Gas station","gas station in San Diego","https://www.google.com/maps/place/Shell/@32.800117,-117.231625,17z/data=!3m1!4b1!4m6!3m5!1s0x80dc01c887fe456b:0xdff1fc210bd23181!8m2!3d32.800117!4d-117.231625!16s%2Fg%2F1z44bf996?hl=en&entry=ttu"
"Shell","7785 Clairemont Mesa Blvd, San Diego, CA 92111","USD","Regular","6.51","$6.51","gallon","2023-10-03T09:06:39.000Z","USD","Midgrade","6.7","$6.70","gallon","2023-10-02T09:18:41.000Z","USD","Premium","6.8","$6.80","gallon","2023-10-03T08:44:57.000Z","USD","Diesel","6.6","$6.60","gallon","2023-10-03T08:54:19.000Z","https://find.shell.com/us/fuel/10006246-7785-clairemont-mesa-blvd","(858) 576-0114","3.5","11","76","false","Gas station","gas station in San Diego","https://www.google.com/maps/place/Shell/@32.8324227,-117.1537497,17z/data=!3m1!4b1!4m6!3m5!1s0x80dbff99c7da87c5:0xb4908b4536f32114!8m2!3d32.8324227!4d-117.1537497!16s%2Fg%2F1q5bngc6j?hl=en&entry=ttu"
"Chevron","7740 Copley Park Pl, San Diego, CA 92111",,,,,,,,,,,,,,,,,,,,,,,,,"https://www.chevronwithtechron.com/station/7740-Copley-Park-Place-San-Diego-CA-92111-id371115","(858) 292-5552","3.4","10","21","false","Gas station","gas station in San Diego","https://www.google.com/maps/place/Chevron/@32.8365766,-117.1528998,17z/data=!3m1!4b1!4m6!3m5!1s0x80dbff9929d22a55:0x957ff0af082a569d!8m2!3d32.8365766!4d-117.1528998!16s%2Fg%2F1hhwyfvfd?hl=en&entry=ttu"
"Shell","2521 Pacific Hwy, San Diego, CA 92101","USD","Regular","7","$7.00","gallon","2023-10-03T09:18:47.000Z","USD","Midgrade","7.2","$7.20","gallon","2023-09-30T10:30:08.000Z","USD","Premium","7.3","$7.30","gallon","2023-10-02T15:17:31.000Z",,,,,,,"https://find.shell.com/us/fuel/10008237-2521-pacific-highway","(619) 233-4120","3.3","9","94","false","Gas station","gas station in San Diego","https://www.google.com/maps/place/Shell/@32.7298865,-117.1736212,17z/data=!3m1!4b1!4m6!3m5!1s0x80d954b4d4cb3373:0xeb9880a5726f9ed7!8m2!3d32.7298865!4d-117.1736212!16s%2Fg%2F1tdd5k5f?hl=en&entry=ttu"
"Mobil","10496 Clairemont Mesa Blvd, San Diego, CA 92124","USD","Regular","6","$6.00","gallon","2023-10-03T08:28:09.000Z","USD","Midgrade","6.4","$6.40","gallon","2023-10-01T13:35:00.000Z","USD","Premium","6.4","$6.40","gallon","2023-10-02T12:58:52.000Z","USD","Diesel","6.9","$6.90","gallon","2023-10-02T15:17:18.000Z","https://www.exxon.com/en/find-station/MOBIL-SANDIEGO-CA-HJDINVESTMENTSIILLC-200310702?utm_source=google&utm_medium=organic&utm_campaign=gmb","(858) 565-1627","4.3","8","65","false","Gas station","gas station in San Diego","https://www.google.com/maps/place/Mobil/@32.8297854,-117.1037291,17z/data=!3m1!4b1!4m6!3m5!1s0x80dbfe3e320c311b:0xc9c37b8a929508ca!8m2!3d32.8297854!4d-117.1037291!16s%2Fg%2F1tf28_0j?hl=en&entry=ttu"
"Shell","3535 India St, San Diego, CA 92103","USD","Regular","6.8","$6.80","gallon","2023-10-03T11:52:38.000Z","USD","Midgrade","6.9","$6.90","gallon","2023-10-01T21:08:03.000Z","USD","Premium","7","$7.00","gallon","2023-10-02T10:36:54.000Z",,,,,,,"https://find.shell.com/us/fuel/10016486-3535-india-st","(619) 296-4673","3.7","7","91","false","Gas station","gas station in San Diego","https://www.google.com/maps/place/Shell/@32.7397335,-117.1778504,17z/data=!3m1!4b1!4m6!3m5!1s0x80deab324af4739f:0x786a7eee6f114ac8!8m2!3d32.7397335!4d-117.1778504!16s%2Fg%2F1hf2qgbzr?hl=en&entry=ttu"
"ARCO","8820 Clairemont Mesa Blvd, San Diego, CA 92123","USD","Regular","6.3","$6.30","gallon","2023-10-03T08:53:23.000Z","USD","Midgrade","6.5","$6.50","gallon","2023-10-03T06:34:30.000Z","USD","Premium","6.6","$6.60","gallon","2023-10-03T05:15:09.000Z","USD","Diesel","6.7","$6.70","gallon","2023-10-03T06:41:06.000Z","https://www.arco.com/en-us/southwest/find-a-station/","(858) 569-0629","3.9","6","166","false","Gas station","gas station in San Diego","https://www.google.com/maps/place/ARCO/@32.8319,-117.13779,17z/data=!3m1!4b1!4m6!3m5!1s0x80dbffb09d29329b:0xc55b4a41bf95c673!8m2!3d32.8319!4d-117.13779!16s%2Fg%2F1q6j83_lc?hl=en&entry=ttu"
"Shell","6695 Mira Mesa Blvd, San Diego, CA 92121","USD","Regular","6.5","$6.50","gallon","2023-10-03T05:34:21.000Z","USD","Midgrade","6.7","$6.70","gallon","2023-10-02T09:43:04.000Z","USD","Premium","6.16","$6.16","gallon","2023-10-03T11:45:19.000Z","USD","Diesel","6.6","$6.60","gallon","2023-10-01T13:14:12.000Z","https://find.shell.com/us/fuel/10013480-6695-mira-mesa-blvd","(858) 642-0626","3.7","5","156","false","Gas station","gas station in San Diego","https://www.google.com/maps/place/Shell/@32.906571,-117.17469,17z/data=!3m1!4b1!4m6!3m5!1s0x80dc07626f309f9b:0x5d11397538831a44!8m2!3d32.906571!4d-117.17469!16s%2Fg%2F1tf716vc?hl=en&entry=ttu"
"Fashion Valley Gas","6899 Friars Rd, San Diego, CA 92108","USD","Regular","6.4","$6.40","gallon","2023-10-02T15:18:06.000Z","USD","Midgrade","6.5","$6.50","gallon","2023-10-02T14:04:00.000Z","USD","Premium","6.6","$6.60","gallon","2023-09-30T16:48:07.000Z",,,,,,,,"(619) 295-1169","4.2","2","136","false","Gas station","gas station in San Diego","https://www.google.com/maps/place/Fashion+Valley+Gas/@32.7683463,-117.1719233,17z/data=!3m1!4b1!4m6!3m5!1s0x80d955336c1a98a7:0x708407143a6c430c!8m2!3d32.7683463!4d-117.1719233!16s%2Fg%2F11bw1xjhgd?hl=en&entry=ttu"
"Summit Gasoline","3580 Sports Arena Blvd, San Diego, CA 92110","USD","Regular","6","$6.00","gallon","2023-10-02T08:56:09.000Z","USD","Midgrade","6.1","$6.10","gallon","2023-09-27T04:14:59.000Z","USD","Premium","6.3","$6.30","gallon","2023-09-27T04:14:59.000Z","USD","Diesel","6.24","$6.24","gallon","2023-10-02T15:18:22.000Z",,"(619) 542-9355","4.2","1","265","false","Gas station","gas station in San Diego","https://www.google.com/maps/place/Summit+Gasoline/@32.7543485,-117.2133733,17z/data=!3m1!4b1!4m6!3m5!1s0x80deabec0c0352ff:0x6d7cb679e283059f!8m2!3d32.7543485!4d-117.2133733!16s%2Fg%2F11hz127b55?hl=en&entry=ttu"
"Thrifty","2502 Imperial Ave, San Diego, CA 92102","USD","Regular","6.2","$6.20","gallon","2023-10-01T16:23:58.000Z","USD","Midgrade","6.4","$6.40","gallon","2023-09-28T02:59:13.000Z","USD","Premium","6.6","$6.60","gallon","2023-09-28T15:46:00.000Z",,,,,,,"https://www.thrifty.com/","(619) 702-4180","3.9","15","109","false","Gas station","gas station in 92101","https://www.google.com/maps/place/Thrifty/@32.7066227,-117.1399486,17z/data=!3m1!4b1!4m6!3m5!1s0x80d9536e4a794429:0x238959182fb687d9!8m2!3d32.7066227!4d-117.1399486!16s%2Fg%2F1tmxwwpq?hl=en&entry=ttu"
"76","1606 Market St, San Diego, CA 92101","USD","Regular","6.4","$6.40","gallon","2023-10-03T10:52:41.000Z","USD","Midgrade","6.6","$6.60","gallon","2023-10-03T10:52:41.000Z","USD","Premium","6.7","$6.70","gallon","2023-10-03T10:52:41.000Z",,,,,,,,"(619) 234-4436","3.9","5","8","false","Gas station","gas station in 92101","https://www.google.com/maps/place/76/@32.7117758,-117.1491264,17z/data=!3m1!4b1!4m6!3m5!1s0x80d953674fa53da7:0x119d3aad16f67690!8m2!3d32.7117758!4d-117.1491264!16s%2Fg%2F11qbtrb6s2?hl=en&entry=ttu"
"Shell","16629 Dove Canyon Rd, San Diego, CA 92127","USD","Regular","6.4","$6.40","gallon","2023-10-03T08:11:54.000Z","USD","Midgrade","6.8","$6.80","gallon","2023-10-01T07:10:36.000Z","USD","Premium","6.8","$6.80","gallon","2023-10-03T04:13:34.000Z",,,,,,,"https://find.shell.com/us/fuel/10072064-16629-dove-canyon-rd","(858) 613-1315","2.8","3","71","false","Gas station","gas station in 92127","https://www.google.com/maps/place/Shell/@33.015011,-117.1111909,17z/data=!3m1!4b1!4m6!3m5!1s0x80dbf71c5c8cf485:0xdf41f6beb9eb1672!8m2!3d33.015011!4d-117.1111909!16s%2Fg%2F1ptw0tj52?hl=en&entry=ttu"
"Chevron","16998 W Bernardo Dr, San Diego, CA 92127","USD","Regular","6.6","$6.60","gallon","2023-10-03T12:02:47.000Z","USD","Midgrade","6.7","$6.70","gallon","2023-10-02T13:43:54.000Z","USD","Premium","6.8","$6.80","gallon","2023-10-03T09:10:44.000Z",,,,,,,"http://www.chevronwithtechron.com/stations/station-finder.aspx","(858) 487-7455","1.3","2","27","false","Gas station","gas station in 92127","https://www.google.com/maps/place/Chevron/@33.02373,-117.0826716,17z/data=!3m1!4b1!4m6!3m5!1s0x80dbf72a59f2f3c3:0x6aa15793b78255c4!8m2!3d33.02373!4d-117.0826716!16s%2Fg%2F1263f9dnj?hl=en&entry=ttu"
"76","17011 W Bernardo Dr, San Diego, CA 92127","USD","Regular","6.2","$6.20","gallon","2023-10-03T10:08:49.000Z","USD","Midgrade","6.4","$6.40","gallon","2023-10-03T11:41:52.000Z","USD","Premium","6.55","$6.55","gallon","2023-10-02T09:45:43.000Z",,,,,,,"https://www.76.com/station/U76-CF-UNITED-APRO-LLC-2704703-0000880542?refer=psx_76","(858) 487-0076","3.5","1","117","false","Gas station","gas station in 92127","https://www.google.com/maps/place/76/@33.024128,-117.08178,17z/data=!3m1!4b1!4m6!3m5!1s0x80dbf72aed5b3c43:0x6dfe326a183e4aef!8m2!3d33.024128!4d-117.08178!16s%2Fg%2F11bbt5vd98?hl=en&entry=ttu"
"Shell","12174 Carmel Mountain Rd, San Diego, CA 92128","USD","Regular","6.35","$6.35","gallon","2023-10-03T11:26:20.000Z","USD","Midgrade","6.6","$6.60","gallon","2023-10-03T06:51:45.000Z","USD","Premium","6.65","$6.65","gallon","2023-10-03T09:56:14.000Z","USD","Diesel","6.5","$6.50","gallon","2023-10-03T09:42:17.000Z","https://find.shell.com/us/fuel/10005854-12174-carmel-mountain-road","(858) 673-1024","2.8","19","32","false","Gas station","gas station in 92127","https://www.google.com/maps/place/Shell/@32.9852999,-117.0760484,17z/data=!3m1!4b1!4m6!3m5!1s0x80dbf0aa788413dd:0x25d122b5ae5b6974!8m2!3d32.9852999!4d-117.0760484!16s%2Fg%2F1q5bn9m89?hl=en&entry=ttu"
"Chevron","11095 Carmel Mountain Rd, San Diego, CA 92129","USD","Regular","6.5","$6.50","gallon","2023-10-03T11:44:53.000Z","USD","Midgrade","6.7","$6.70","gallon","2023-10-03T08:14:29.000Z","USD","Premium","6.88","$6.88","gallon","2023-10-01T10:04:09.000Z",,,,,,,"https://www.chevronwithtechron.com/","(858) 672-7630","3.6","18","42","false","Gas station","gas station in 92127","https://www.google.com/maps/place/Chevron/@32.9771047,-117.0901981,17z/data=!3m1!4b1!4m6!3m5!1s0x80dbf9d609bba0cb:0xe24ae4c1b228b2a9!8m2!3d32.9771047!4d-117.0901981!16s%2Fg%2F1tvgvmv9?hl=en&entry=ttu"
"Shell","12507 Rancho Bernardo Rd, San Diego, CA 92128","USD","Regular","6.61","$6.61","gallon","2023-10-03T09:17:43.000Z","USD","Midgrade","6.7","$6.70","gallon","2023-10-01T15:07:40.000Z","USD","Premium","6.9","$6.90","gallon","2023-10-02T18:25:27.000Z","USD","Diesel","6.8","$6.80","gallon","2023-10-01T15:07:40.000Z","https://find.shell.com/us/fuel/10005860-12507-rancho-bernardo-road","(858) 487-2555","2.6","10","14","false","Gas station","gas station in 92127","https://www.google.com/maps/place/Shell/@33.0185122,-117.0604068,17z/data=!3m1!4b1!4m6!3m5!1s0x80dbf0c36c585d5b:0x8bcc7c7ca8a34733!8m2!3d33.0185122!4d-117.0604068!16s%2Fg%2F1z449_phg?hl=en&entry=ttu"
"Mobil","11898 Rancho Bernardo Rd, San Diego, CA 92128","USD","Regular","6.18","$6.18","gallon","2023-10-03T12:01:37.000Z","USD","Midgrade","6.38","$6.38","gallon","2023-10-03T12:01:37.000Z","USD","Premium","6.58","$6.58","gallon","2023-10-03T12:01:37.000Z","USD","Diesel","6.26","$6.26","gallon","2023-10-03T12:01:37.000Z","https://www.exxon.com/en/find-station/MOBIL-SANDIEGO-CA-CIRCLEK09452-200310735?utm_source=google&utm_medium=organic&utm_campaign=gmb","(858) 385-8996","4","6","141","false","Gas station","gas station in 92127","https://www.google.com/maps/place/Mobil/@33.023197,-117.0747751,17z/data=!3m1!4b1!4m6!3m5!1s0x80dbf0d4159fee79:0x479a4f74ef03d257!8m2!3d33.023197!4d-117.0747751!16s%2Fg%2F124sqcs8q?hl=en&entry=ttu"
"Chevron","16757 Bernardo Center Dr, San Diego, CA 92128","USD","Regular","6.4","$6.40","gallon","2023-10-03T12:00:52.000Z","USD","Midgrade","6.59","$6.59","gallon","2023-10-03T07:12:56.000Z","USD","Premium","6.78","$6.78","gallon","2023-10-03T10:06:32.000Z",,,,,,,"https://www.chevronwithtechron.com/station/","(858) 487-3420","2.6","5","13","false","Gas station","gas station in 92127","https://www.google.com/maps/place/Chevron/@33.0181808,-117.075156,17z/data=!3m1!4b1!4m6!3m5!1s0x80dbf0d240349079:0xb266fbe8726a4b4b!8m2!3d33.0181808!4d-117.075156!16s%2Fg%2F1hhx71znp?hl=en&entry=ttu"
"ARCO","11891 Rancho Bernardo Rd, San Diego, CA 92128","USD","Regular","6.1","$6.10","gallon","2023-10-03T07:49:34.000Z","USD","Midgrade","6.3","$6.30","gallon","2023-10-03T05:24:22.000Z","USD","Premium","6.5","$6.50","gallon","2023-10-03T05:24:22.000Z",,,,,,,"https://www.arco.com/en-us/southwest/find-a-station/","(858) 487-1565","4","4","192","false","Gas station","gas station in 92127","https://www.google.com/maps/place/ARCO/@33.0226072,-117.0747998,17z/data=!3m1!4b1!4m6!3m5!1s0x80dbf0d411f21d75:0xf4831d3c4dc678e9!8m2!3d33.0226072!4d-117.0747998!16s%2Fg%2F1q6j4tpg2?hl=en&entry=ttu"
"Chevron","12929 Rancho Peñasquitos Blvd, San Diego, CA 92129","USD","Regular","6.3","$6.30","gallon","2023-10-03T12:19:09.000Z","USD","Midgrade","6.5","$6.50","gallon","2023-10-03T06:10:23.000Z","USD","Premium","6.6","$6.60","gallon","2023-10-03T06:10:23.000Z","USD","Diesel","6.3","$6.30","gallon","2023-10-03T06:10:23.000Z","https://rocketstores.com/","(858) 538-3004","3.6","1","11","false","Gas station","gas station in 92129","https://www.google.com/maps/place/Chevron/@32.952343,-117.1076,17z/data=!3m1!4b1!4m6!3m5!1s0x80dbf9bea51ccef3:0x6e99d723c04ef189!8m2!3d32.952343!4d-117.1076!16s%2Fg%2F11h6tyskcj?hl=en&entry=ttu"
"Shell","9205 Twin Trails Dr, San Diego, CA 92129","USD","Regular","6.3","$6.30","gallon","2023-10-03T08:59:28.000Z","USD","Midgrade","6.5","$6.50","gallon","2023-10-02T06:15:00.000Z","USD","Premium","6.6","$6.60","gallon","2023-10-02T15:26:56.000Z","USD","Diesel","6.6","$6.60","gallon","2023-10-03T04:12:00.000Z","https://find.shell.com/us/fuel/10005889-9205-twin-trails-drive","(858) 538-8409","3.6","2","30","false","Gas station","gas station in 92129","https://www.google.com/maps/place/Shell/@32.956708,-117.1286562,17z/data=!3m1!4b1!4m6!3m5!1s0x80dbf8349ae171b3:0xd426a0f7572c37ad!8m2!3d32.956708!4d-117.1286562!16s%2Fg%2F1tmxr9m_?hl=en&entry=ttu"
"Chevron","9936 Mercy Rd, San Diego, CA 92129","USD","Regular","6.4","$6.40","gallon","2023-10-03T11:24:30.000Z","USD","Midgrade","6.6","$6.60","gallon","2023-10-03T06:09:33.000Z","USD","Premium","6.78","$6.78","gallon","2023-10-03T11:32:37.000Z",,,,,,,"http://www.chevronwithtechron.com/stations/station-finder.aspx","(858) 271-8759","2.5","14","21","false","Gas station","gas station in 92129","https://www.google.com/maps/place/Chevron/@32.9376421,-117.1128252,17z/data=!3m1!4b1!4m6!3m5!1s0x80dbf9a64ba762f1:0x32983da4aae30f43!8m2!3d32.9376421!4d-117.1128252!16s%2Fg%2F1v_vt5_p?hl=en&entry=ttu"
"Mobil","9370 Paseo Montalban, San Diego, CA 92129","USD","Regular","6.22","$6.22","gallon","2023-10-03T07:54:08.000Z","USD","Midgrade","6.42","$6.42","gallon","2023-10-02T09:25:03.000Z","USD","Premium","6.62","$6.62","gallon","2023-09-30T18:32:01.000Z",,,,,,,"https://www.exxon.com/en/find-station/MOBIL-SANDIEGO-CA-CIRCLEK09423-200310706?utm_source=google&utm_medium=organic&utm_campaign=gmb","(858) 484-1248","4.1","9","60","false","Gas station","gas station in 92129","https://www.google.com/maps/place/Mobil/@32.9590162,-117.1237876,17z/data=!3m1!4b1!4m6!3m5!1s0x80dbf9cc8f41f53b:0xbde8cfcee850337e!8m2!3d32.9590162!4d-117.1237876!16s%2Fg%2F1tdftfh_?hl=en&entry=ttu"
"Mobil","13007 Camino Del Sur, San Diego, CA 92129","USD","Regular","6.3","$6.30","gallon","2023-10-03T12:19:49.000Z","USD","Midgrade","6.5","$6.50","gallon","2023-10-03T12:01:37.000Z","USD","Premium","6.7","$6.70","gallon","2023-10-03T12:01:37.000Z","USD","Diesel","6.56","$6.56","gallon","2023-10-03T12:01:37.000Z","https://www.exxon.com/en/find-station/MOBIL-SANDIEGO-CA-CIRCLEK09485-200310767?utm_source=google&utm_medium=organic&utm_campaign=gmb","(858) 484-1230","4.1","8","218","false","Gas station","gas station in 92129","https://www.google.com/maps/place/Mobil/@32.9571312,-117.1524216,17z/data=!3m1!4b1!4m6!3m5!1s0x80dbf81828f049d3:0x5221c23a910dc328!8m2!3d32.9571312!4d-117.1524216!16s%2Fg%2F1tksnnnp?hl=en&entry=ttu"
"76","12860, 12860 Rancho Peñasquitos Blvd, San Diego, CA 92129","USD","Regular","6.3","$6.30","gallon","2023-10-03T02:56:07.000Z","USD","Midgrade","6.5","$6.50","gallon","2023-10-01T16:51:19.000Z","USD","Premium","6.66","$6.66","gallon","2023-10-02T14:34:40.000Z","USD","Diesel","6.3","$6.30","gallon","2023-09-29T18:53:38.000Z","https://rocketstores.com/","(619) 361-8318","3.9","4","82","false","Gas station","gas station in 92129","https://www.google.com/maps/place/76/@32.95072,-117.10789,17z/data=!3m1!4b1!4m6!3m5!1s0x80dbf9bc11764a21:0xe2322d2616938b05!8m2!3d32.95072!4d-117.10789!16s%2Fg%2F1thbwz2y?hl=en&entry=ttu"
"Mobil","12849 Rancho Peñasquitos Blvd, San Diego, CA 92129","USD","Regular","6.24","$6.24","gallon","2023-10-03T12:01:37.000Z","USD","Midgrade","6.44","$6.44","gallon","2023-10-03T12:01:37.000Z","USD","Premium","6.64","$6.64","gallon","2023-10-03T12:01:37.000Z","USD","Diesel","6.34","$6.34","gallon","2023-10-03T12:01:37.000Z","https://www.exxon.com/en/find-station/MOBIL-SANDIEGO-CA-CIRCLEK9503-200315757?utm_source=google&utm_medium=organic&utm_campaign=gmb","(858) 484-3654","3.4","3","18","false","Gas station","gas station in 92129","https://www.google.com/maps/place/Mobil/@32.9503331,-117.1066778,17z/data=!3m1!4b1!4m6!3m5!1s0x80dbf9bea347145d:0x9143a43bb5c9360d!8m2!3d32.9503331!4d-117.1066778!16s%2Fg%2F1tfp2rhj?hl=en&entry=ttu"
"Shell","11815 Carmel Mountain Rd, San Diego, CA 92128","USD","Regular","6.4","$6.40","gallon","2023-10-03T11:50:32.000Z","USD","Midgrade","6.6","$6.60","gallon","2023-10-02T08:46:42.000Z","USD","Premium","6.66","$6.66","gallon","2023-10-03T11:40:22.000Z",,,,,,,"https://find.shell.com/us/fuel/10008243-11815-carmel-mountain-rd","(858) 451-3320","2.5","17","33","false","Gas station","gas station in 92129","https://www.google.com/maps/place/Shell/@32.9804421,-117.0774888,17z/data=!3m1!4b1!4m6!3m5!1s0x80dbfa0191a14507:0x2b701e3de693055!8m2!3d32.9804421!4d-117.0774888!16s%2Fg%2F1z449vhyy?hl=en&entry=ttu"
"Sunset Gas and Market","4792 Point Loma Ave, San Diego, CA 92107","USD","Regular","6.3","$6.30","gallon","2023-09-30T08:29:51.000Z","USD","Midgrade","6.3","$6.30","gallon","2023-10-02T17:32:43.000Z","USD","Premium","6.5","$6.50","gallon","2023-10-02T17:32:43.000Z","USD","Diesel","6.5","$6.50","gallon","2023-10-03T06:42:14.000Z",,"(619) 225-1500","3.5","4","46","false","Grocery store","gas station in 92107","https://www.google.com/maps/place/Sunset+Gas+and+Market/@32.7365649,-117.2544442,17z/data=!3m1!4b1!4m6!3m5!1s0x80deaa329319a21f:0x9480633c081f5bbe!8m2!3d32.7365649!4d-117.2544442!16s%2Fg%2F1tdzg9b0?hl=en&entry=ttu"
"Shell","4794 Voltaire St, San Diego, CA 92107","USD","Regular","6.5","$6.50","gallon","2023-10-02T12:34:50.000Z","USD","Midgrade","6.7","$6.70","gallon","2023-10-01T14:48:37.000Z","USD","Premium","6.8","$6.80","gallon","2023-10-01T14:59:42.000Z",,,,,,,"https://find.shell.com/us/fuel/10008224-4794-voltaire-st","(619) 224-1900","3.3","1","47","false","Gas station","gas station in 92107","https://www.google.com/maps/place/Shell/@32.7498752,-117.2427978,17z/data=!3m1!4b1!4m6!3m5!1s0x80deaa47a2b216f5:0x92570d4081b05f0a!8m2!3d32.7498752!4d-117.2427978!16s%2Fg%2F1tdq_090?hl=en&entry=ttu"
"Speedway Express","8787 Lake Murray Blvd, San Diego, CA 92119","USD","Regular","5.8","$5.80","gallon","2023-09-28T12:53:15.000Z","USD","Midgrade","6.1","$6.10","gallon","2023-09-29T06:50:35.000Z","USD","Premium","6.2","$6.20","gallon","2023-09-29T06:50:35.000Z","USD","Diesel","6.5","$6.50","gallon","2023-10-02T14:04:00.000Z","http://speedway.com/","(619) 697-6380","3.7","5","23","false","Gas station","gas station in 92119","https://www.google.com/maps/place/Speedway+Express/@32.8026577,-117.0101884,17z/data=!3m1!4b1!4m6!3m5!1s0x80d957bd48398cb9:0x8f92ba7b9bf38bc6!8m2!3d32.8026577!4d-117.0101884!16s%2Fg%2F11q97strpg?hl=en&entry=ttu"
"Chevron","8815 Lake Murray Blvd, San Diego, CA 92119","USD","Regular","6.1","$6.10","gallon","2023-10-03T11:50:47.000Z","USD","Midgrade","6.3","$6.30","gallon","2023-10-03T09:51:09.000Z","USD","Premium","6.4","$6.40","gallon","2023-10-03T09:51:09.000Z","USD","Diesel","6.3","$6.30","gallon","2023-10-03T09:51:09.000Z","http://www.chevronwithtechron.com/stations/station-finder.aspx","(619) 644-9864","2.2","2","14","false","Gas station","gas station in 92119","https://www.google.com/maps/place/Chevron/@32.803317,-117.009491,17z/data=!3m1!4b1!4m6!3m5!1s0x80d957bd5cb11b2b:0x34003e21289286bd!8m2!3d32.803317!4d-117.009491!16s%2Fg%2F1hhw87cqt?hl=en&entry=ttu"
"Xpress Gas & Mart","8602 Lake Murray Blvd, San Diego, CA 92119","USD","Regular","5.8","$5.80","gallon","2023-10-03T11:58:42.000Z","USD","Midgrade","6.1","$6.10","gallon","2023-10-03T11:58:42.000Z","USD","Premium","6.2","$6.20","gallon","2023-10-03T11:58:42.000Z",,,,,,,,"(619) 461-5721","4.4","1","51","false","Gas station","gas station in 92119","https://www.google.com/maps/place/Xpress+Gas+%26+Mart/@32.8000606,-117.0132446,17z/data=!3m1!4b1!4m6!3m5!1s0x80d957a36b7a21a3:0xb9f63efe41f4265a!8m2!3d32.8000606!4d-117.0132446!16s%2Fg%2F1tdqz_np?hl=en&entry=ttu"
"Chevron","3860 Governor Dr, San Diego, CA 92122","USD","Regular","6.3","$6.30","gallon","2023-10-03T09:28:51.000Z","USD","Midgrade","6.5","$6.50","gallon","2023-10-03T08:28:06.000Z","USD","Premium","6.6","$6.60","gallon","2023-10-03T08:28:06.000Z",,,,,,,"https://rocketstores.com/","(858) 677-0917","4","19","155","false","Gas station","gas station in 92121","https://www.google.com/maps/place/Chevron/@32.8549843,-117.2051423,17z/data=!3m1!4b1!4m6!3m5!1s0x80dc00c390802569:0x619c5930e22fae74!8m2!3d32.8549843!4d-117.2051423!16s%2Fg%2F12hldgvxd?hl=en&entry=ttu"
"Chevron","6795 Mira Mesa Blvd, San Diego, CA 92121","USD","Regular","6.48","$6.48","gallon","2023-10-03T12:29:58.000Z","USD","Midgrade","6.68","$6.68","gallon","2023-10-02T20:14:10.000Z","USD","Premium","6.88","$6.88","gallon","2023-10-03T05:11:34.000Z",,,,,,,"http://www.chevronwithtechron.com/stations/station-finder.aspx","(858) 554-0460","3","3","32","false","Gas station","gas station in 92121","https://www.google.com/maps/place/Chevron/@32.9070966,-117.1716659,17z/data=!3m1!4b1!4m6!3m5!1s0x80dbf89dbbfb372d:0xd217bb01e71d330b!8m2!3d32.9070966!4d-117.1716659!16s%2Fg%2F1tf3p5tt?hl=en&entry=ttu"
"Sinclair","12033 Scripps Summit Dr, San Diego, CA 92131","USD","Regular","6.2","$6.20","gallon","2023-10-02T06:15:00.000Z","USD","Midgrade","6.2","$6.20","gallon","2023-10-03T12:24:11.000Z","USD","Premium","6.46","$6.46","gallon","2023-10-02T11:49:26.000Z","USD","Diesel","6.34","$6.34","gallon","2023-10-03T09:02:57.000Z","https://stations.sinclairoil.com/ca/san-diego/12033-scripps-summit-dr?utm_source=google&utm_medium=yext","(858) 621-6337","3.5","3","16","false","Gas station","gas station in 92130, 92131","https://www.google.com/maps/place/Sinclair/@32.9376353,-117.10025,17z/data=!3m1!4b1!4m6!3m5!1s0x80dbf99fd5e5fa03:0x3cfd9f41fda2c4a3!8m2!3d32.9376353!4d-117.10025!16s%2Fg%2F11qp2j2h7v?hl=en&entry=ttu"
"Mobil","10555 Scripps Poway Pkwy, San Diego, CA 92131","USD","Regular","6.26","$6.26","gallon","2023-10-03T12:15:49.000Z","USD","Midgrade","6.46","$6.46","gallon","2023-10-03T12:01:37.000Z","USD","Premium","6.66","$6.66","gallon","2023-10-03T12:25:53.000Z","USD","Diesel","6.56","$6.56","gallon","2023-10-03T12:03:34.000Z","https://www.exxon.com/en/find-station/MOBIL-SANDIEGO-CA-CIRCLEK09476-200310758?utm_source=google&utm_medium=organic&utm_campaign=gmb","(858) 527-0832","4","2","94","false","Gas station","gas station in 92130, 92131","https://www.google.com/maps/place/Mobil/@32.936737,-117.1004123,17z/data=!3m1!4b1!4m6!3m5!1s0x80dbf97576db1bed:0x1d7d0ace0f080c08!8m2!3d32.936737!4d-117.1004123!16s%2Fg%2F1td76wbw?hl=en&entry=ttu"
"Shell","12010 Scripps Highlands Dr, San Diego, CA 92131","USD","Regular","6.3","$6.30","gallon","2023-10-03T11:54:37.000Z","USD","Midgrade","6.6","$6.60","gallon","2023-10-03T12:16:23.000Z","USD","Premium","6.6","$6.60","gallon","2023-10-03T12:21:12.000Z","USD","Diesel","6.66","$6.66","gallon","2023-10-03T09:12:54.000Z","https://find.shell.com/us/fuel/12597242-12010-scripps-highland-dr","(858) 684-3114","3.5","1","70","false","Gas station","gas station in 92130, 92131","https://www.google.com/maps/place/Shell/@32.9369304,-117.1082396,17z/data=!3m1!4b1!4m6!3m5!1s0x80dbf916e2df2ce1:0xae9faeab259feb5c!8m2!3d32.9369304!4d-117.1082396!16s%2Fg%2F1tdw8bvr?hl=en&entry=ttu"
"ARCO","3170 Carmel Valley Rd, San Diego, CA 92130","USD","Regular","6.4","$6.40","gallon","2023-10-03T12:01:27.000Z","USD","Midgrade","6.6","$6.60","gallon","2023-10-03T06:54:14.000Z","USD","Premium","6.8","$6.80","gallon","2023-10-03T07:00:08.000Z","USD","Diesel","6.91","$6.91","gallon","2023-10-03T08:10:28.000Z","https://www.arco.com/en-us/southwest/find-a-station/","(858) 793-0626","3.9","5","208","false","Gas station","gas station in 92130","https://www.google.com/maps/place/ARCO/@32.9350153,-117.2378847,17z/data=!3m1!4b1!4m6!3m5!1s0x80dc063b70dbc4e3:0xfccf44d999b343a6!8m2!3d32.9350153!4d-117.2378847!16s%2Fg%2F1q6jdkpf2?hl=en&entry=ttu"
"Chevron","12889 El Camino Real, San Diego, CA 92130","USD","Regular","6.6","$6.60","gallon","2023-10-03T10:09:33.000Z","USD","Midgrade","6.9","$6.90","gallon","2023-10-02T12:08:00.000Z","USD","Premium","6.96","$6.96","gallon","2023-10-03T07:50:30.000Z",,,,,,,"http://www.chevronwithtechron.com/stations/station-finder.aspx","(858) 793-8388","3.9","4","66","false","Gas station","gas station in 92130","https://www.google.com/maps/place/Chevron/@32.9518905,-117.2335995,17z/data=!3m1!4b1!4m6!3m5!1s0x80dc089ce98db273:0x93a43265f3a848b5!8m2!3d32.9518905!4d-117.2335995!16s%2Fg%2F1tq6kcbp?hl=en&entry=ttu"
"Shell","3015 Del Mar Heights Rd, San Diego, CA 92130","USD","Regular","6.6","$6.60","gallon","2023-10-03T10:46:37.000Z","USD","Midgrade","6.9","$6.90","gallon","2023-10-02T11:47:00.000Z","USD","Premium","7","$7.00","gallon","2023-10-02T11:47:00.000Z","USD","Diesel","6.8","$6.80","gallon","2023-10-03T08:57:43.000Z","https://find.shell.com/us/fuel/10006058-3015-del-mar-heights-road","(858) 755-2114","3","3","42","false","Gas station","gas station in 92130","https://www.google.com/maps/place/Shell/@32.950701,-117.241115,17z/data=!3m1!4b1!4m6!3m5!1s0x80dc089f275e09ed:0x1f0004472e5992da!8m2!3d32.950701!4d-117.241115!16s%2Fg%2F1261c_kmp?hl=en&entry=ttu"
"Shell","3060 Carmel Valley Rd, San Diego, CA 92130","USD","Regular","6.6","$6.60","gallon","2023-10-03T12:11:40.000Z","USD","Midgrade","6.8","$6.80","gallon","2023-10-01T16:31:46.000Z","USD","Premium","7","$7.00","gallon","2023-10-03T08:24:12.000Z",,,,,,,"https://find.shell.com/us/fuel/10008241-3060-carmel-valley-road","(858) 755-3825","3.7","2","140","false","Gas station","gas station in 92130","https://www.google.com/maps/place/Shell/@32.9336002,-117.2399549,17z/data=!3m1!4b1!4m6!3m5!1s0x80dc063c58a272f3:0x9f8a400ab4a1bac1!8m2!3d32.9336002!4d-117.2399549!16s%2Fg%2F1tflmqxp?hl=en&entry=ttu"
"Shell","3861 Valley Centre Dr, San Diego, CA 92130","USD","Regular","6.48","$6.48","gallon","2023-10-03T11:56:30.000Z","USD","Midgrade","6.68","$6.68","gallon","2023-10-03T11:56:30.000Z","USD","Premium","6.88","$6.88","gallon","2023-10-03T11:56:30.000Z","USD","Diesel","6.7","$6.70","gallon","2023-10-03T10:07:46.000Z","https://find.shell.com/us/fuel/10004947-3861-valley-centre-dr","(858) 792-9009","2.5","1","71","false","Gas station","gas station in 92130","https://www.google.com/maps/place/Shell/@32.9371616,-117.2309449,17z/data=!3m1!4b1!4m6!3m5!1s0x80dc063016e7005d:0xc428b83846d4bc07!8m2!3d32.9371616!4d-117.2309449!16s%2Fg%2F1tj1mtn1?hl=en&entry=ttu"
"Shell","2919 Alta View Dr, San Diego, CA 92139","USD","Regular","7","$7.00","gallon","2023-09-27T08:36:27.000Z","USD","Midgrade","7.2","$7.20","gallon","2023-09-27T08:36:27.000Z","USD","Premium","7.1","$7.10","gallon","2023-10-02T12:44:06.000Z","USD","Diesel","7.2","$7.20","gallon","2023-10-02T08:52:48.000Z","https://find.shell.com/us/fuel/10089531-2919-alta-view-dr","(619) 267-9784","3.5","1","97","false","Gas station","gas station in 92139","https://www.google.com/maps/place/Shell/@32.676209,-117.039185,17z/data=!3m1!4b1!4m6!3m5!1s0x80d951c943a44243:0x93de0c908e41700!8m2!3d32.676209!4d-117.039185!16s%2Fg%2F1tg4lp3h?hl=en&entry=ttu"
"Chevron","1599 La Media Rd, San Diego, CA 92154","USD","Regular","5.9","$5.90","gallon","2023-10-03T12:00:34.000Z","USD","Midgrade","6.05","$6.05","gallon","2023-10-02T05:40:03.000Z","USD","Premium","6.1","$6.10","gallon","2023-10-02T14:31:53.000Z","USD","Diesel","6.4","$6.40","gallon","2023-10-03T08:23:11.000Z","https://www.chevronwithtechron.com/station/1599-La-Media-San-Diego-CA-92154-id352425","(619) 671-0700","3.6","7","37","false","Gas station","gas station in 92154","https://www.google.com/maps/place/Chevron/@32.5683481,-116.9618453,17z/data=!3m1!4b1!4m6!3m5!1s0x80d94640a744c56f:0xd364b1bc8ea213ae!8m2!3d32.5683481!4d-116.9618453!16s%2Fg%2F1tg81rhh?hl=en&entry=ttu"
"Chevron","604 Dennery Rd, San Diego, CA 92154","USD","Regular","6.5","$6.50","gallon","2023-10-03T11:24:47.000Z","USD","Midgrade","6.7","$6.70","gallon","2023-10-03T11:59:33.000Z","USD","Premium","6.88","$6.88","gallon","2023-10-01T17:13:02.000Z",,,,,,,"http://www.chevronwithtechron.com/stations/station-finder.aspx","(619) 662-1941","2.5","10","22","false","Gas station","gas station in 92154","https://www.google.com/maps/place/Chevron/@32.583267,-117.032714,17z/data=!3m1!4b1!4m6!3m5!1s0x80d94ed61bbb64b7:0x9ea8d2f13a2b96d8!8m2!3d32.583267!4d-117.032714!16s%2Fg%2F1tj7fbmf?hl=en&entry=ttu"
"Chevron","4360 Palm Ave, San Diego, CA 92154","USD","Regular","6.7","$6.70","gallon","2023-10-03T10:35:49.000Z","USD","Midgrade","6.9","$6.90","gallon","2023-10-03T04:51:24.000Z","USD","Premium","7","$7.00","gallon","2023-10-03T04:51:24.000Z","USD","Diesel","6.5","$6.50","gallon","2023-10-03T04:51:24.000Z","https://www.chevron.com/","(619) 690-4530","3","8","14","false","Gas station","gas station in 92154","https://www.google.com/maps/place/Chevron/@32.5839597,-117.038976,17z/data=!3m1!4b1!4m6!3m5!1s0x80d94ed0dac75a9d:0x335c1620b605f63b!8m2!3d32.5839597!4d-117.038976!16s%2Fg%2F11bw21sdjp?hl=en&entry=ttu"
"ARCO","1625 Heritage Rd, San Diego, CA 92154","USD","Regular","6.1","$6.10","gallon","2023-10-03T11:27:08.000Z","USD","Midgrade","6.3","$6.30","gallon","2023-10-03T08:38:08.000Z","USD","Premium","6.4","$6.40","gallon","2023-10-03T05:03:38.000Z",,,,,,,"https://www.arco.com/en-us/southwest/find-a-station/","(619) 661-0045","4.1","6","149","false","Gas station","gas station in 92154","https://www.google.com/maps/place/ARCO/@32.5677155,-116.9965175,17z/data=!3m1!4b1!4m6!3m5!1s0x80d948a32f6b8ba3:0x67d959459ffeddd0!8m2!3d32.5677155!4d-116.9965175!16s%2Fg%2F1tp0dz3p?hl=en&entry=ttu"
"Flyers Gas Station Otay Mesa","8289 Otay Mesa Rd, San Diego, CA 92154","USD","Regular","5.8","$5.80","gallon","2023-10-02T10:10:00.000Z","USD","Midgrade","6.3","$6.30","gallon","2023-10-01T13:55:40.000Z","USD","Premium","6.7","$6.70","gallon","2023-10-01T13:55:40.000Z","USD","Diesel","6.4","$6.40","gallon","2023-10-02T05:36:42.000Z","https://www.flyersenergy.com/","(619) 671-9330","4.3","4","167","false","Gas station","gas station in 92154","https://www.google.com/maps/place/Flyers+Gas+Station+Otay+Mesa/@32.5673528,-116.9658936,17z/data=!3m1!4b1!4m6!3m5!1s0x80d9463eb883fbe5:0xe28e43071cafa56a!8m2!3d32.5673528!4d-116.9658936!16s%2Fg%2F1tlbjvqn?hl=en&entry=ttu"
"Noil USA","1605 Cactus Rd, San Diego, CA 92154","USD","Regular","5.85","$5.85","gallon","2023-10-03T08:04:44.000Z","USD","Midgrade","5.95","$5.95","gallon","2023-10-03T04:55:43.000Z","USD","Premium","6.05","$6.05","gallon","2023-10-03T04:55:43.000Z","USD","Diesel","6.05","$6.05","gallon","2023-10-03T06:43:30.000Z","http://noilusainc.com/","(619) 816-5008","4.3","5","874","false","Gas station","gas station in 92154","https://www.google.com/maps/place/Noil+USA/@32.5676379,-116.9876993,17z/data=!3m1!4b1!4m6!3m5!1s0x80d948a030bb8519:0x7cec77e81eee552a!8m2!3d32.5676379!4d-116.9876993!16s%2Fg%2F11c1thl1jt?hl=en&entry=ttu"
"US Gasoline","2310 Roll Dr, San Diego, CA 92154","USD","Regular","5.9","$5.90","gallon","2023-10-02T14:46:44.000Z","USD","Midgrade","6.1","$6.10","gallon","2023-10-03T02:56:25.000Z","USD","Premium","6.4","$6.40","gallon","2023-10-01T16:47:30.000Z",,,,,,,"http://facebook.com/usgasotay","(619) 661-6098","4.3","3","297","false","Gas station","gas station in 92154","https://www.google.com/maps/place/US+Gasoline/@32.5559227,-116.9377628,17z/data=!3m1!4b1!4m6!3m5!1s0x80d947000abe06ab:0x6efeebfe26d38c39!8m2!3d32.5559227!4d-116.9377628!16s%2Fg%2F1td33b7p?hl=en&entry=ttu"
"76","2535 Otay Center Dr, San Diego, CA 92154","USD","Regular","6.1","$6.10","gallon","2023-10-03T08:18:52.000Z","USD","Midgrade","6.3","$6.30","gallon","2023-10-03T04:54:43.000Z","USD","Premium","6.5","$6.50","gallon","2023-10-02T10:40:36.000Z","USD","Diesel","6.3","$6.30","gallon","2023-09-30T16:03:14.000Z","https://www.76.com/station/U76-OTAY-76-0000857913?utm_source=G&utm_medium=local&utm_campaign=google-local","(619) 710-4981","4.3","1","658","false","Gas station","gas station in 92154","https://www.google.com/maps/place/76/@32.5538811,-116.9416394,17z/data=!3m1!4b1!4m6!3m5!1s0x80d947ab00697531:0xb9371639f7a9f75f!8m2!3d32.5538811!4d-116.9416394!16s%2Fg%2F1tls33ms?hl=en&entry=ttu"
"ARCO","495 S Meadowbrook Dr, San Diego, CA 92114","USD","Regular","5.9","$5.90","gallon","2023-10-02T05:30:20.000Z","USD","Midgrade","6.08","$6.08","gallon","2023-10-02T16:44:05.000Z","USD","Premium","6.18","$6.18","gallon","2023-10-02T16:44:05.000Z",,,,,,,"https://www.arco.com/en-us/southwest/find-a-station/","(619) 267-1594","4.2","8","384","false","Gas station","gas station in 92114","https://www.google.com/maps/place/ARCO/@32.697967,-117.025756,17z/data=!3m1!4b1!4m6!3m5!1s0x80d9505142b37a59:0x1db1c13f3e5a1183!8m2!3d32.697967!4d-117.025756!16s%2Fg%2F1tj2c8qf?hl=en&entry=ttu"
"Speedway Express","6311 Imperial Ave, San Diego, CA 92114","USD","Regular","6","$6.00","gallon","2023-10-03T07:13:01.000Z","USD","Midgrade","6.2","$6.20","gallon","2023-09-30T15:50:40.000Z","USD","Premium","6.3","$6.30","gallon","2023-09-30T15:50:40.000Z",,,,,,,"https://www.speedway.com/locations/CA/San-Diego/6311-IMPERIAL-AVE","(619) 264-0281","4.3","7","34","false","Gas station","gas station in 92114","https://www.google.com/maps/place/Speedway+Express/@32.7098305,-117.0621461,17z/data=!3m1!4b1!4m6!3m5!1s0x80d9511b59a01a91:0xbbae2a65a9e0d1!8m2!3d32.7098305!4d-117.0621461!16s%2Fg%2F11j35w3p4d?hl=en&entry=ttu"
"Mobil","1025 Euclid Ave, San Diego, CA 92114","USD","Regular","6.2","$6.20","gallon","2023-10-03T12:17:32.000Z","USD","Midgrade","6.4","$6.40","gallon","2023-10-02T11:20:09.000Z","USD","Premium","6.6","$6.60","gallon","2023-10-03T06:30:09.000Z","USD","Diesel","6.5","$6.50","gallon","2023-09-28T18:19:34.000Z","https://www.exxon.com/en/find-station/MOBIL-SANDIEGO-CA-DSGASANDFOODMART-200328829?utm_source=google&utm_medium=organic&utm_campaign=gmb","(619) 266-2244","4.1","6","15","false","Gas station","gas station in 92114","https://www.google.com/maps/place/Mobil/@32.7164514,-117.0847204,17z/data=!3m1!4b1!4m6!3m5!1s0x80d9538b24c3196d:0xd37b9821a73cb5e1!8m2!3d32.7164514!4d-117.0847204!16s%2Fg%2F11rvjh8cm9?hl=en&entry=ttu"
"76","6839 Imperial Ave, San Diego, CA 92114","USD","Regular","6.15","$6.15","gallon","2023-10-03T11:53:06.000Z","USD","Midgrade","6.35","$6.35","gallon","2023-10-03T11:53:06.000Z","USD","Premium","6.5","$6.50","gallon","2023-10-03T11:53:06.000Z",,,,,,,"https://rocketstores.com/","(619) 264-9679","4","5","135","false","Gas station","gas station in 92114","https://www.google.com/maps/place/76/@32.7114873,-117.0500492,17z/data=!3m1!4b1!4m6!3m5!1s0x80d95112281f33f1:0xccc969196ca4271f!8m2!3d32.7114873!4d-117.0500492!16s%2Fg%2F1td4dvh0?hl=en&entry=ttu"
"ARCO","5109 Imperial Ave, San Diego, CA 92114","USD","Regular","6.1","$6.10","gallon","2023-10-02T14:22:51.000Z","USD","Midgrade","6.3","$6.30","gallon","2023-10-02T14:22:51.000Z","USD","Premium","6.5","$6.50","gallon","2023-10-02T14:22:51.000Z",,,,,,,"https://www.arco.com/en-us/southwest/find-a-station/","(619) 266-0040","4.1","4","199","false","Gas station","gas station in 92114","https://www.google.com/maps/place/ARCO/@32.7043377,-117.0847322,17z/data=!3m1!4b1!4m6!3m5!1s0x80d953d97a9eb487:0xf2571f99c326a99!8m2!3d32.7043377!4d-117.0847322!16s%2Fg%2F1q6h_z5nr?hl=en&entry=ttu"
